KLBW028064,0,,0,0,0,0,0,0,0,21.455,0.3,0.3,,,
KLBW028065,0,,0,0,0,0,0,0,0,21.73,0.3,0.3,,,
KLBW028066,0,,0,0,0,0,0,0,0,7.81,0.3,0.3,,,
KLBW028067,0,,0,0,0,0,0,0,0,2.114,0.3,0.3,,,
KLBW028068,0,,0,0,0,0,0,0,0,1.556,0.3,0.3,,,
KLBW028069,0,,0,0,0,0,0,0,0,1.601,0.3,0.3,,,
KLBW028070,0,,0,0,0,0,0,0,0,1.5925,0.3,0.3,,,
KLBW028350,0,,0,0,0,0,0,0,0,10.4,0.3,0.3,,,
KLBW028351,0,,0,0,0,0,0,0,0,9.82,0.3,0.3,,,
KLBW028568,0,,0,0,0,0,0,0,0,6.33789,0.3,0.3,,,
KLBW028571,0,,0,0,0,0,0,0,0,6.4735,0.3,0.3,,,
KLBW028572,0,,0,0,0,0,0,0,0,6.3285,0.3,0.3,,,
KLDW000238,0,,0,0,0,0,0,0,0,0.31818,0.3,0.3,,,
KLDW000245,0.2,,0,0,0,0,0,0,0,0.8412,0.3,0.3,,,
KLDW000251,0.1,,0.055,1,0,0,0,0,0,0.902,0.3,0.3,,,
KLDW000251,0.2,,0,0,0,0,0,0,0,1.175,0.3,0.3,,,
KLDW000257,0,,0.041,1,0,0,0,0,0,1.70067,0.3,0.3,,,
KLDW000257,0.1,,0,0,0,0,0,0,0,1.741,0.3,0.3,,,
KLDW000267,0,,0,0,0,0,0,0,0,4.036,0.3,0.3,,,
KLDW000267,0.1,,0,0,0,0,0,0,0,1.4872,0.3,0.3,,,
KLDW000273,0,,0.205,13,0,0,0,0,0,1.885,0.3,0.3,,,
KLDW000273,0.1,,0.149,12,0,0,0,0,0,1.9525,0.3,0.3,,,
KLDW000689,0.1,,0,0,0,0,0,0,0,0.943,0.3,0.3,,,
KLDW000710,0.1,,0,0,0,0,0,0,0,0.879,0.3,0.3,,,
KLDW000792,0,,0,0,0,0,0,0,0,1.03091,0.3,0.3,,,
KLDW001484,0,,0,0,0,0,0,0,0,0.3375,0.3,0.3,,,
KLDW001484,0.2,,0,0,0,0,0,0,0,1.34,0.3,0.3,,,
KLDW001485,0,,0,0,0,0,0,0,0,,,,,,
KLDW001485,0.2,,0.152,14,0,0,0,0,0,1.6,0.3,0.3,,,
KLDW001496,0.1,,0,0,0,0,0,0,0,0.732,0.3,0.3,,,
KLDW001497,0.1,,0,0,0,0,0,0,0,0.575,0.3,0.3,,,
KLDW001512,0.1,,0,0,0,0,0,0,0,1.004,0.3,0.3,,,
KLDW001517,0.1,,0,0,0,0,0,0,0,0.745,0.3,0.3,,,
KLDW001559,0.1,,0,0,0,0,0,0,0,1.05467,0.3,0.3,,,
KLDW001559,0.2,,0,0,0,0,0,0,0,1.44,0.3,0.3,,,
KLDW001575,0.1,,0,0,0,0,0,0,0,0.90633,0.3,0.3,,,
KLDW001597,0,,0,0,0,0,0,0,0,1.09856,0.3,0.3,,,
KLDW001615,0,,0,0,0,0,0,0,0,0.96167,0.3,0.3,,,
KLDW001634,0.1,,0,0,0,0,0,0,0,1.134,0.3,0.3,,,
KLDW001656,0,,0,0,0,0,0,0,0,0.88609,0.3,0.3,,,
KLDW006135,0,,0,0,0,0,0,0,0,0.3025,0.3,0.3,,,
KLDW006514,0.1,,0,0,0,0,0,0,0,0.75467,0.3,0.3,,,
KLDW006514,0.2,,0,0,0,0,0,0,0,0.81233,0.3,0.3,,,
KLDW006516,0.2,,0,0,0,0,0,0,0,1.1138,0.3,0.3,,,
KLDW006520,0.1,,0,0,0,0,0,0,0,1.28267,0.3,0.3,,,
KLDW006521,0,,0.041,1,0,0,0,0,0,1.05633,0.3,0.3,,,
KLDW006521,0.1,,0,0,0,0,0,0,0,1.08557,0.3,0.3,,,
KLDW006524,0.1,,0,0,0,0,0,0,0,0.74825,0.3,0.3,,,
KLDW006533,0.1,,0.086,1,0,0,0,0,0,0.759,0.3,0.3,,,
KLDW006533,0.2,,0,0,0,0,0,0,0,0.73175,0.3,0.3,,,
KLDW006543,0.1,,0,0,0,0,0,0,0,3.22967,0.3,0.3,,,
KLDW006544,0.1,,0,0,0,0,0,0,0,3.13967,0.3,0.3,,,
KLDW006559,0.1,,0,0,0,0,0,0,0,0.88,0.3,0.3,,,
KLDW006559,0.2,,0,0,0,0,0,0,0,0.87833,0.3,0.3,,,
KLDW006567,0.1,,0,0,0,0,0,0,0,0.97567,0.3,0.3,,,
KLDW006571,0.1,,0,0,0,0,0,0,0,0.70622,0.3,0.3,,,
KLDW006571,0.2,,0,0,0,0,0,0,0,0.9,0.3,0.3,,,
KLDW006958,0,,0,0,0,0,0,0,0,0.84068,0.3,0.3,,,
KLDW007452,0,,0,0,0,0,0,0,0,1.09186,0.3,0.3,,,
KLDW007452,0.1,,0.15,12,0,0,0,0,0,1.14888,0.3,0.3,,,
KLDW007454,0.1,,0,0,0,0,0,0,0,1.5825,0.3,0.3,,,
KLDW007456,0.1,,0,0,0,0,0,0,0,0.42,0.3,0.3,,,
KLDW007974,0,,0,0,0,0,0,0,0,0.921,0.3,0.3,,,
KLDW007975,0,,0,0,0,0,0,0,0,0.58957,0.3,0.3,,,
KLDW007976,0,,0,0,0,0,0,0,0,0.68692,0.3,0.3,,,
KLDW007977,0,,0,0,0,0,0,0,0,0.68,0.3,0.3,,,
KLDW008470,0,,0,0,0,0,0,0,0,0.875,0.3,0.3,,,
KLDW009470,0.1,,0,0,0,0,0,0,0,0.9529,0.3,0.3,,,
KLDW009499,0.1,,0,0,0,0,0,0,0,1.26942,0.3,0.3,,,
KLDW009499,0.3,,0.3,1,0,0,0,0,0,2.125,0.3,0.3,,,
KLDW009499,0.7,,0,0,0,0,0,0,0,2.129,0.3,0.3,,,
KLDW009623,0,,0,0,0,0,0,0,0,1.08077,0.3,0.3,,,
KLDW009658,0,,0,0,0,0,0,0,0,0.98,0.3,0.3,,,
KLDW009660,0,,0,0,0,0,0,0,0,0.87286,0.3,0.3,,,
KLDW009661,0,,0,0,0,0,0,0,0,1.03273,0.3,0.3,,,
KLDW009663,0,,0,0,0,0,0,0,0,1.14917,0.3,0.3,,,
KLDW009664,0,,0,0,0,0,0,0,0,1.00636,0.3,0.3,,,
KLDW009731,0,,0,0,0,0,0,0,0,0.45121,0.3,0.3,,,
KLDW009768,0,,0,0,0,0,0,0,0,1.19619,0.3,0.3,,,
KLDW010245,0,,0,0,0,0,0,0,0,0.23638,0.3,0.3,,,
KLDW010246,0,,0,0,0,0,0,0,0,0.58067,0.3,0.3,,,
KLDW010248,0,,0,0,0,0,0,0,0,0.837,0.3,0.3,,,
KLDW010249,0,,0,0,0,0,0,0,0,0.38526,0.3,0.3,,,
KLDW010250,0,,0,0,0,0,0,0,0,0.684,0.3,0.3,,,
KLDW010253,0,,0,0,0,0,0,0,0,0.57933,0.3,0.3,,,
KLDW010256,0,,0,0,0,0,0,0,0,0.5375,0.3,0.3,,,
KLDW010257,0,,0,0,0,0,0,0,0,0.53857,0.3,0.3,,,
KLDW010259,0,,0,0,0,0,0,0,0,0.7815,0.3,0.3,,,
KLDW010352,0.1,,0,0,0,0,0,0,0,0.61847,0.3,0.3,,,
KLDW010352,0.5,,0,0,0,0,0,0,0,0.571,0.3,0.3,,,
KLDW010359,0.1,,0,0,0,0,0,0,0,0.81652,0.3,0.3,,,
KLDW010383,0,,0,0,0,0,0,0,0,0.729,0.3,0.3,,,
KLDW010712,0,,0,0,0,0,0,0,0,,,,,,
KLDW010897,0,,0,0,0,0,0,0,0,1.18889,0.3,0.3,,,
KLDW010899,0,,0,0,0,0,0,0,0,1.06667,0.3,0.3,,,
KLDW010925,0,,0,0,0,0,0,0,0,,,,,,
kldw010931,0,,0,0,0,0,0,0,0,,,,,,
KLDW010931,0,,0,0,0,0,0,0,0,,,,,,
KLDW010933,0,,0,0,0,0,0,0,0,,,,,,
KLDW010946,0,,0,0,0,0,0,0,0,0.06462,0.3,0.3,,,
kldw010946,0,,0,0,0,0,0,0,0,0.18182,0.3,0.3,,,
KLDW011015,0,,0,0,0,0,0,0,0,0.17143,0.3,0.3,,,
KLDW011028,0,,0.027,2,0,0,0,0,0,0.975,0.3,0.3,,,
KLDW011029,0,,0,0,0,0,0,0,0,,,,,,
KLDW011030,0,,0,0,0,0,0,0,0,0.1,0.3,0.3,,,
KLDW011031,0,,0,0,0,0,0,0,0,,,,,,
KLDW011032,0,,0,0,0,0,0,0,0,,,,,,
KLDW011090,0,,0,0,0,0,0,0,0,1.65,0.3,0.3,,,
KLDW011090,0.2,,0,0,0,0,0,0,0,3.3,0.3,0.3,,,
KLDW011092,0,,0,0,0,0,0,0,0,0.86,0.3,0.3,,,
KLDW011253,0,,0,0,0,0,0,0,0,0.465,0.3,0.3,,,
KLDW011255,0,,0,0,0,0,0,0,0,0.429,0.3,0.3,,,
KLDW011257,0,,0,0,0,0,0,0,0,0.50846,0.3,0.3,,,
KLDW011267,0,,0,0,0,0,0,0,0,1.24,0.3,0.3,,,
KLDW011270,0,,0,0,0,0,0,0,0,1.025,0.3,0.3,,,
KLDW011273,0,,0,0,0,0,0,0,0,0.93095,0.3,0.3,,,
KLDW011274,0,,0,0,0,0,0,0,0,1.16667,0.3,0.3,,,
KLDW011285,0,,0,0,0,0,0,0,0,0.685,0.3,0.3,,,
KLDW011289,0,,0,0,0,0,0,0,0,0.897,0.3,0.3,,,
KLDW011290,0,,0,0,0,0,0,0,0,1.042,0.3,0.3,,,
KLDW011426,0,,0,0,0,0,0,0,0,0.2,0.3,0.3,,,
KLDW011562,0.2,,0,0,0,0,0,0,0,1.03,0.3,0.3,,,
KLDW011574,0.1,,0,0,0,0,0,0,0,1.5725,0.3,0.3,,,
KLDW012376,0.2,,0,0,0,0,0,0,0,0.525,0.3,0.3,,,
KLDW012379,0.1,,0,0,0,0,0,0,0,0.899,0.3,0.3,,,
KLDW012598,0,,0,0,0,0,0,0,0,0.98692,0.3,0.3,,,
KLDW012602,0,,0,0,0,0,0,0,0,1.034,0.3,0.3,,,
KLDW012630,0,,0,0,0,0,0,0,0,0.80842,0.3,0.3,,,
KLDW012631,0,,0,0,0,0,0,0,0,1.075,0.3,0.3,,,
KLDW012632,0,,0,0,0,0,0,0,0,0.706,0.3,0.3,,,
KLDW012634,0,,0,0,0,0,0,0,0,0.807,0.3,0.3,,,
KLDW012635,0,,0,0,0,0,0,0,0,1.00125,0.3,0.3,,,
KLDW012636,0,,0,0,0,0,0,0,0,0.79091,0.3,0.3,,,
KLDW012637,0,,0,0,0,0,0,0,0,0.99375,0.3,0.3,,,
KLDW012638,0,,0,0,0,0,0,0,0,0.784,0.3,0.3,,,
KLDW012639,0,,0,0,0,0,0,0,0,0.97875,0.3,0.3,,,
KLDW012640,0,,0,0,0,0,0,0,0,0.91571,0.3,0.3,,,
KLDW012661,0,,0,0,0,0,0,0,0,1.154,0.3,0.3,,,
KLDW012662,0,,0,0,0,0,0,0,0,0.775,0.3,0.3,,,
KLDW012663,0,,0,0,0,0,0,0,0,0.8,0.3,0.3,,,
KLDW012664,0,,0,0,0,0,0,0,0,0.716,0.3,0.3,,,
KLDW012665,0,,0,0,0,0,0,0,0,1.307,0.3,0.3,,,
KLDW012666,0,,0,0,0,0,0,0,0,0.73273,0.3,0.3,,,
KLDW012667,0,,0,0,0,0,0,0,0,1.09625,0.3,0.3,,,
KLDW012668,0,,0,0,0,0,0,0,0,0.73486,0.3,0.3,,,
KLDW012669,0,,0,0,0,0,0,0,0,0.87125,0.3,0.3,,,
KLDW012670,0,,0,0,0,0,0,0,0,0.78667,0.3,0.3,,,
KLDW012671,0,,0,0,0,0,0,0,0,0.927,0.3,0.3,,,
KLDW013303,0.1,,0.121,1,0,0,0,0,0,1.01186,0.3,0.3,,,
KLDW013303,0.2,,0,0,0,0,0,0,0,1.0505,0.3,0.3,,,
KLDW013303,0.3,,0,0,0,0,0,0,0,0.942,0.3,0.3,,,
KLDW013402,0,,0,0,0,0,0,0,0,0.2,0.3,0.3,,,
KLDW013591,0,,0.127,16,0,0,0,0,0,1.7,0.3,0.3,,,
KLDW013698,0.1,,0.08,1,0,0,0,0,0,0.681,0.3,0.3,,,
KLDW013698,0.2,,0,0,0,0,0,0,0,0.877,0.3,0.3,,,
KLDW014595,0,,0.168,26,0,0,0,0,0,2.1,0.3,0.3,,,
KLDW014596,0,,0,0,0,0,0,0,0,1.6,0.3,0.3,,,
KLDW014599,0,,0.01,2,0,0,0,0,0,1.2,0.3,0.3,,,
KLDW014600,0,,0,0,0,0,0,0,0,1.2,0.3,0.3,,,
KLDW014606,0,,0,0,0,0,0,0,0,0.2,0.3,0.3,,,
KLDW014615,0,,0.072,2,0,0,0,0,0,1.3,0.3,0.3,,,
KLDW014615,0.3,,0.269,40,0,0,0,0,0,1.7,0.3,0.3,,,
KLDW014620,0,,0,0,0,0,0,0,0,0.85,0.3,0.3,,,
KLDW014638,0.1,,0.082,6,0,0,0,0,0,1.724,0.3,0.3,,,
KLDW014641,0,,0.101,16,0,0,0,0,0,2.3,0.3,0.3,,,
KLDW014843,0.2,,0,0,0,0,0,0,0,1.29,0.3,0.3,,,
KLDW014855,0,,0,0,0,0,0,0,0,3.49,0.3,0.3,,,
KLDW014857,0,,0,0,0,0,0,0,0,1.49,0.3,0.3,,,
KLDW014859,0,,0,0,0,0,0,0,0,3.6,0.3,0.3,,,
KLDW014863,0,,0,0,0,0,0,0,0,2.38,0.3,0.3,,,
KLDW015747,0.3,,0,0,0,0,0,0,0,1.222,0.3,0.3,,,
KLDW015842,0,,0,0,0,0,0,0,0,,,,1.97,0.4,0.4
KLDW015975,0.1,,0,0,0,0,0,0,0,0.8115,0.3,0.3,,,
KLDW015986,0.1,,0,0,0,0,0,0,0,0.956,0.3,0.3,,,
KLDW016010,0.1,,0.114,1,0.048,8,0,0,0,1.276,0.3,0.3,,,
KLDW016010,0.2,,0.042,,0,0,0,0,0,1.2728,0.3,0.3,,,
KLDW018225,0,,0,0,0,0,0,0,0,0.9,0.3,0.3,,,
KLDW018257,0,,0,0,0,0,0,0,0,,,,1.72559,0.4,0.4
KLDW018260,0,,0,0,0,0,0,0,0,,,,1.85143,0.4,0.4
KLDW018263,0,,0,0,0,0,0,0,0,,,,1.11781,0.4,0.4
KLDW018417,0,,0,0,0,0,0,0,0,0.74167,0.3,0.3,,,
KLDW018418,0,,0,0,0,0,0,0,0,0.94,0.3,0.3,,,
KLDW018557,0,,0.042,2,0,0,0,0,0,0.67,0.3,0.3,,,
KLDW019171,0,,0,0,0,0,0,0,0,1.03,0.3,0.3,,,
KLDW020767,0,,0,0,0,0,0,0,0,,,,1.83313,0.4,0.4
KLDW020919,0,,0,0,0,0,0,0,0,,,,1.99933,0.4,0.4
KLDW021265,0,,0,0,0,0,0,0,0,,,,2.00591,0.4,0.4
KLDW021266,0,,0,0,0,0,0,0,0,,,,1.6625,0.4,0.4
KLDW021275,0,,0,0,0,0,0,0,0,,,,1.04,0.4,0.4
KLDW022736,0,,0,0,0,0,0,0,0,,,,1.9,0.4,0.4
KLDW022739,0,,0,0,0,0,0,0,0,,,,1.27825,0.4,0.4
KLDW024165,0,,0,0,0,0,0,0,0,,,,1.4925,0.4,0.4
KLDW024166,0,,0,0,0,0,0,0,0,,,,1.5125,0.4,0.4
KLDW024167,0,,0,0,0,0,0,0,0,,,,1.26,0.4,0.4
KLDW024187,0,,0,0,0,0,0,0,0,,,,3.06875,0.4,0.4
KLDW024204,0,,0,0,0,0,0,0,0,,,,1.64,0.4,0.4
KLDW024205,0,,0,0,0,0,0,0,0,,,,1.575,0.4,0.4
KLDW024635,0,,0,0,0,0,0,0,0,,,,2.35054,0.4,0.4
KLDW024708,0,,0,0,0,0,0,0,0,,,,2.65455,0.4,0.4
KLDW024709,0,,0,0,0,0,0,0,0,,,,2.002,0.4,0.4
KLDW025317,0.1,,0.21,56,0,0,0,0,0,1.82,0.3,0.3,,,
KLDW025381,0,,0,0,0,0,0,0,0,,,,1.45125,0.4,0.4
KLDW025382,0,,0,0,0,0,0,0,0,,,,1.39432,0.4,0.4
KLDW025383,0,,0,0,0,0,0,0,0,,,,1.59846,0.4,0.4
KLDW025384,0,,0,0,0,0,0,0,0,,,,1.28947,0.4,0.4
KLDW026639,0.1,,0,0,0,0,0,0,0,1.05667,0.3,0.3,,,
KLDW026707,0,,0,0,0,0,0,0,0,1.025,0.3,0.3,,,
KLDW026708,0,,0,0,0,0,0,0,0,1.035,0.3,0.3,,,
KLDW026709,0,,0,0,0,0,0,0,0,0.91587,0.3,0.3,,,
KLDW026710,0,,0,0,0,0,0,0,0,0.93905,0.3,0.3,,,
KLDW026711,0,,0,0,0,0,0,0,0,0.88415,0.3,0.3,,,
KLDW026842,0,,0,0,0,0,0,0,0,,,,1.338,0.4,0.4
KLDW026872,0,,0,0,0,0,0,0,0,1.092,0.3,0.3,,,
KLDW026873,0,,0,0,0,0,0,0,0,1.124,0.3,0.3,,,
KLDW026874,0,,0,0,0,0,0,0,0,1.11488,0.3,0.3,,,
KLDW026902,0,,0,0,0,0,0,0,0,,,,1.742,0.4,0.4
KLDW026905,0,,0,0,0,0,0,0,0,,,,2.066,0.4,0.4
KLDW026906,0,,0,0,0,0,0,0,0,,,,1.586,0.4,0.4
KLDW027748,0,,0,0,0,0,0,0,0,,,,,,
KLDW027822,0,,0,0,0,0,0,0,0,2.49,0.3,0.3,,,
KLDW028333,0,,0,0,0,0,0,0,0,,,,1.384,0.4,0.4
KLDW028334,0,,0,0,0,0,0,0,0,,,,2.288,0.4,0.4
KLDW028352,0,,0,0,0,0,0,0,0,1.028,0.3,0.3,,,
KLDW028353,0,,0,0,0,0,0,0,0,1.529,0.3,0.3,,,
KLDW028354,0,,0,0,0,0,0,0,0,1.13259,0.3,0.3,,,
KLDW028355,0,,0,0,0,0,0,0,0,1.1304,0.3,0.3,,,
KLDW028356,0,,0,0,0,0,0,0,0,1.15167,0.3,0.3,,,
KLDW028357,0,,0,0,0,0,0,0,0,0.9936,0.3,0.3,,,
KLDW028358,0,,0,0,0,0,0,0,0,1.002,0.3,0.3,,,
KLDW028490,0,,0,0,0,0,0,0,0,1.12,0.3,0.3,,,
KLDW028491,0,,0,0,0,0,0,0,0,0.84,0.3,0.3,,,
KLDW028492,0,,0,0,0,0,0,0,0,1.4,0.3,0.3,,,
KLDW028493,0,,0,0,0,0,0,0,0,0.97,0.3,0.3,,,
KLDW028494,0,,0,0,0,0,0,0,0,1.05,0.3,0.3,,,
KLDW028495,0,,0,0,0,0,0,0,0,1.68,0.3,0.3,,,
KLDW028496,0,,0,0,0,0,0,0,0,1.26,0.3,0.3,,,
KLDW028534,0,,0,0,0,0,0,0,0,,,,,,
KLDW028631,1.4,,0,0,0,0,0,0,0,1.768,0.3,0.3,,,
KLDW028631,1.8,,0,0,0,0,0,0,0,1.754,0.3,0.3,,,
KLDW028705,0,,0,0,0,0,0,0,0,1.376,0.3,0.3,,,
KLDW028706,0,,0,0,0,0,0,0,0,1.406,0.3,0.3,,,
KLDW028707,0,,0,0,0,0,0,0,0,1.962,0.3,0.3,,,
KLDW028708,0,,0,0,0,0,0,0,0,2.084,0.3,0.3,,,
KLDW028709,0,,0,0,0,0,0,0,0,1.46667,0.3,0.3,,,
KLDW028710,0,,0,0,0,0,0,0,0,1.039,0.3,0.3,,,
KLDW028711,0,,0,0,0,0,0,0,0,1.285,0.3,0.3,,,
KLDW028712,0,,0,0,0,0,0,0,0,1.334,0.3,0.3,,,
KLDW028713,0,,0,0,0,0,0,0,0,1.82,0.3,0.3,,,
KLDW028714,0,,0,0,0,0,0,0,0,2.46667,0.3,0.3,,,
KLDW028715,0,,0,0,0,0,0,0,0,0.78667,0.3,0.3,,,
KLDW028716,0,,0,0,0,0,0,0,0,1.405,0.3,0.3,,,
KLDW028717,0,,0,0,0,0,0,0,0,2.23,0.3,0.3,,,
KLDW028718,0,,0,0,0,0,0,0,0,0.992,0.3,0.3,,,
KLDW028720,0,,0,0,0,0,0,0,0,1.194,0.3,0.3,,,
KLDW028721,0,,0,0,0,0,0,0,0,1.482,0.3,0.3,,,
KLDW028722,0,,0,0,0,0,0,0,0,1.338,0.3,0.3,,,
KLDW028723,0,,0,0,0,0,0,0,0,2.524,0.3,0.3,,,
KLDW028724,0,,0,0,0,0,0,0,0,1.618,0.3,0.3,,,
KLDW028727,0,,0,0,0,0,0,0,0,1.294,0.3,0.3,,,
KLDW028728,0,,0,0,0,0,0,0,0,0.996,0.3,0.3,,,
KLDW028729,0,,0,0,0,0,0,0,0,2.174,0.3,0.3,,,
KLDW028730,0,,0,0,0,0,0,0,0,1.556,0.3,0.3,,,
KLDX000266,0.1,,0.05,1,0,0,0,0,0,1.73475,0.3,0.3,,,
KLFW028485,0,,0,0,0,0,0,0,0,2.41,0.3,0.3,,,
KLHW008898,0,,0.07,6,0,0,0,0,0,0.6,0.3,0.3,,,
KLHW008911,0,,0.314,56,0,0,0,0,0,0.95,0.3,0.3,,,
KLHW010391,0,,0,0,0,0,0,0,0,2.37143,0.3,0.3,,,
KLHW010935,0,,0.01,2,0,0,0,0,0,0.775,0.3,0.3,,,
KLHW010936,0,,0,0,0,0,0,0,0,0.8,0.3,0.3,,,
KLHW010938,0,,0.269,40,0,0,0,0,0,1.7,0.3,0.3,,,
KLHW010943,0,,0,0,0,0,0,0,0,0.7,0.3,0.3,,,
KLHW011008,0,,0.098,14,0,0,0,0,0,0.9925,0.3,0.3,,,
KLHW011025,0,,0,0,0,0,0,0,0,0.636,0.3,0.3,,,
KLHW011026,0,,0,0,0,0,0,0,0,0.755,0.3,0.3,,,
KLHW011027,0,,0,0,0,0,0,0,0,1.23333,0.3,0.3,,,
KLHW011089,0,,0,0,0,0,0,0,0,1.03333,0.3,0.3,,,
KLHW011091,0,,0.24,44,0,0,0,0,0,1,0.3,0.3,,,
KLHW011093,0,,0,0,0,0,0,0,0,0.52,0.3,0.3,,,
KLHW011174,0,,0,0,0,0,0,0,0,3.934,0.3,0.3,,,
KLHW011224,0,,0.187,44,0,0,0,0,0,1.9,0.3,0.3,,,
KLHW012626,0,,0,0,0,0,0,0,0,3.87,0.3,0.3,,,
KLHW012627,0,,0,0,0,0,0,0,0,3.105,0.3,0.3,,,
KLNM024766,0,,0,0,0,0,0,0,0,,,,14.56958,0.4,0.4
KLNM024767,0,,0,0,0,0,0,0,0,,,,13.694,0.4,0.4
KLNM026843,0,,0,0,0,0,0,0,0,,,,16.54,0.4,0.4
KLNM026844,0,,0,0,0,0,0,0,0,,,,22.945,0.4,0.4
KLNW000402,0,,0,0,0,0,0,0,0,0.91898,0.3,0.3,,,
KLNW000404,0,,0,0,0,0,0,0,0,0.93675,0.3,0.3,,,
KLNW006049,0,,0,0,0,0,0,0,0,0.93149,0.3,0.3,,,
KLNW008479,0,,0,0,0,0,0,0,0,0.26923,0.3,0.3,,,
KLNW009678,0,,0,0,0,0,0,0,0,3.4,0.3,0.3,,,
KLNW010451,0,,0,0,0,0,0,0,0,0.8,0.3,0.3,,,
KLNW010539,0,,0,0,0,0,0,0,0,0.05054,0.3,0.3,,,
KLNW010724,0,,0,0,0,0,0,0,0,,,,2.667,0.4,0.4
KLNW010825,0,,0,0,0,0,0,0,0,,,,,,
KLNW011110,0,,0,0,0,0,0,0,0,0.89633,0.3,0.3,,,
KLNW011315,0,,0,0,0,0,0,0,0,0.08182,0.3,0.3,,,
KLNW011400,0,,0,0,0,0,0,0,0,,,,3.31,0.4,0.4
KLNW011401,0,,0,0,0,0,0,0,0,,,,2.89,0.4,0.4
KLNW011425,0,,0,0,0,0,0,0,0,,,,3.22409,0.4,0.4
KLNW011438,0,,0,0,0,0,0,0,0,0.12083,0.3,0.3,,,
KLNW012434,0,,0,0,0,0,0,0,0,1.73615,0.3,0.3,,,
klnw012469,0,,0,0,0,0,0,0,0,0.66,0.3,0.3,,,
KLNW012469,0,,0,0,0,0,0,0,0,0.9502,0.3,0.3,,,
KLNW012470,0,,0,0,0,0,0,0,0,1.06885,0.3,0.3,,,
KLNW012471,0,,0,0,0,0,0,0,0,1.00821,0.3,0.3,,,
klnw012471,0,,0,0,0,0,0,0,0,0.81,0.3,0.3,,,
KLNW012988,0,,0,0,0,0,0,0,0,1.16,0.3,0.3,,,
KLNW012990,0,,0,0,0,0,0,0,0,0.8084,0.3,0.3,,,
KLNW012992,0,,0,0,0,0,0,0,0,0.89729,0.3,0.3,,,
KLNW012994,0,,0,0,0,0,0,0,0,1.4302,0.3,0.3,,,
KLNW012995,0,,0,0,0,0,0,0,0,1.23158,0.3,0.3,,,
KLNW012996,0,,0,0,0,0,0,0,0,1.21651,0.3,0.3,,,
KLNW012998,0,,0,0,0,0,0,0,0,1.31775,0.3,0.3,,,
KLNW013000,0,,0,0,0,0,0,0,0,2.49,0.3,0.3,,,
KLNW013001,0,,0,0,0,0,0,0,0,1.44063,0.3,0.3,,,
KLNW013004,0,,0,0,0,0,0,0,0,1.56875,0.3,0.3,,,
KLNW013007,0,,0,0,0,0,0,0,0,1.04357,0.3,0.3,,,
KLNW013008,0,,0,0,0,0,0,0,0,1.1,0.3,0.3,,,
KLNW013009,0,,0,0,0,0,0,0,0,1.13286,0.3,0.3,,,
KLNW013010,0,,0,0,0,0,0,0,0,3.36667,0.3,0.3,,,
KLNW013011,0,,0,0,0,0,0,0,0,1.396,0.3,0.3,,,
KLNW013013,0,,0,0,0,0,0,0,0,0.83222,0.3,0.3,,,
KLNW013014,0,,0,0,0,0,0,0,0,1.24571,0.3,0.3,,,
KLNW013017,0,,0,0,0,0,0,0,0,1.732,0.3,0.3,,,
KLNW013018,0,,0,0,0,0,0,0,0,0.80047,0.3,0.3,,,
KLNW013019,0,,0,0,0,0,0,0,0,1.66875,0.3,0.3,,,
KLNW013021,0,,0,0,0,0,0,0,0,1.87,0.3,0.3,,,
KLNW013022,0,,0,0,0,0,0,0,0,1.48958,0.3,0.3,,,
KLNW013023,0,,0,0,0,0,0,0,0,1.49667,0.3,0.3,,,
KLNW013024,0,,0,0,0,0,0,0,0,1.5675,0.3,0.3,,,
KLNW014601,0,,0.02,4,0,0,0,0,0,0.6,0.3,0.3,,,
KLNW014944,0,,0,0,0,0,0,0,0,0.76158,0.3,0.3,,,
KLNW017840,0,,0,0,0,0,0,0,0,0.82143,0.3,0.3,,,
KLNW017845,0,,0,0,0,0,0,0,0,0.9725,0.3,0.3,,,
KLNW018198,0,,0,0,0,0,0,0,0,1.73852,0.3,0.3,,,
KLNW018199,0,,0,0,0,0,0,0,0,1.76588,0.3,0.3,,,
KLNW018209,0,,0,0,0,0,0,0,0,1.944,0.3,0.3,,,
KLNW018262,0,,0,0,0,0,0,0,0,,,,10.945,0.4,0.4
KLNW018265,0,,0,0,0,0,0,0,0,,,,17.02667,0.4,0.4
KLNW018296,0,,0,0,0,0,0,0,0,1.46,0.3,0.3,,,
KLNW020511,0,,0,0,0,0,0,0,0,1.28319,0.3,0.3,,,
KLNW020824,0,,0,0,0,0,0,0,0,,,,2.26543,0.4,0.4
KLNW021006,0,,0,0,0,0,0,0,0,,,,3.31239,0.4,0.4
KLNW021007,0,,0,0,0,0,0,0,0,,,,3.3,0.4,0.4
KLNW021008,0,,0,0,0,0,0,0,0,,,,4.65527,0.4,0.4
KLNW021009,0,,0,0,0,0,0,0,0,,,,4.12173,0.4,0.4
KLNW024171,0,,0,0,0,0,0,0,0,,,,2.33308,0.4,0.4
KLNW024194,0,,0,0,0,0,0,0,0,,,,5.7676,0.4,0.4
KLNW024270,0,,0,0,0,0,0,0,0,,,,3.79522,0.4,0.4
KLNW024573,0,,0,0,0,0,0,0,0,3.56333,0.3,0.3,,,
KLNW024575,0,,0,0,0,0,0,0,0,2.918,0.3,0.3,,,
KLNW024577,0,,0,0,0,0,0,0,0,3.41667,0.3,0.3,,,
KLNW024579,0,,0,0,0,0,0,0,0,3.41667,0.3,0.3,,,
KLNW024581,0,,0,0,0,0,0,0,0,3.38667,0.3,0.3,,,
KLNW024604,0,,0,0,0,0,0,0,0,1.92,0.3,0.3,,,
KLNW024636,0,,0,0,0,0,0,0,0,,,,3.67096,0.4,0.4
KLNW024675,0,,0,0,0,0,0,0,0,3.15,0.3,0.3,,,
KLNW024694,0,,0,0,0,0,0,0,0,2.18,0.3,0.3,,,
KLNW024695,0,,0,0,0,0,0,0,0,1.96,0.3,0.3,,,
KLNW024710,0,,0,0,0,0,0,0,0,,,,6.25804,0.4,0.4
KLNW024711,0,,0,0,0,0,0,0,0,,,,4.45255,0.4,0.4
KLNW024712,0,,0,0,0,0,0,0,0,,,,4.63119,0.4,0.4
KLNW024713,0,,0,0,0,0,0,0,0,,,,6.21474,0.4,0.4
KLNW024714,0,,0,0,0,0,0,0,0,,,,5.69757,0.4,0.4
KLNW024730,0,,0,0,0,0,0,0,0,,,,4.79,0.4,0.4
KLNW024731,0,,0,0,0,0,0,0,0,,,,4.05821,0.4,0.4
KLNW024732,0,,0,0,0,0,0,0,0,,,,3.7803,0.4,0.4
KLNW024822,0,,0,0,0,0,0,0,0,,,,5.675,0.4,0.4
KLNW024824,0,,0,0,0,0,0,0,0,,,,7.24,0.4,0.4
KLNW024828,0,,0,0,0,0,0,0,0,,,,5.33333,0.4,0.4
KLNW024835,0,,0,0,0,0,0,0,0,,,,5.67667,0.4,0.4
KLNW025229,0,,0,0,0,0,0,0,0,2.88,0.3,0.3,,,
KLNW025294,0,,0,0,0,0,0,0,0,3.05747,0.3,0.3,,,
KLNW025351,0.1,,0,0,0,0,0,0,0,2.31,0.3,0.3,,,
KLNW025373,0,,0,0,0,0,0,0,0,,,,2.53375,0.4,0.4
KLNW025409,0,,0,0,0,0,0,0,0,,,,3.55188,0.4,0.4
KLNW025930,0,,0,0,0,0,0,0,0,3.11593,0.3,0.3,,,
KLNW026187,0,,0,0,0,0,0,0,0,,,,5.00854,0.4,0.4
KLNW026188,0,,0,0,0,0,0,0,0,,,,4.49145,0.4,0.4
KLNW026634,0,,0,0,0,0,0,0,0,1.23963,0.3,0.3,,,
KLNW026635,0,,0,0,0,0,0,0,0,1.32597,0.3,0.3,,,
KLNW026636,0,,0,0,0,0,0,0,0,1.07318,0.3,0.3,,,
KLNW026637,0,,0,0,0,0,0,0,0,0.88347,0.3,0.3,,,
KLNW026638,0,,0,0,0,0,0,0,0,0.92784,0.3,0.3,,,
KLNW026640,0,,0,0,0,0,0,0,0,,,,2.33762,0.4,0.4
KLNW026654,0,,0,0,0,0,0,0,0,0.84857,0.3,0.3,,,
KLNW026679,0,,0,0,0,0,0,0,0,0.87846,0.3,0.3,,,
KLNW026680,0,,0,0,0,0,0,0,0,0.83179,0.3,0.3,,,
KLNW026681,0,,0,0,0,0,0,0,0,1.04023,0.3,0.3,,,
KLNW026682,0,,0,0,0,0,0,0,0,0.74136,0.3,0.3,,,
KLNW026685,0,,0,0,0,0,0,0,0,0.79429,0.3,0.3,,,
KLNW026686,0,,0,0,0,0,0,0,0,0.94043,0.3,0.3,,,
KLNW026687,0,,0,0,0,0,0,0,0,0.82504,0.3,0.3,,,
KLNW026688,0,,0,0,0,0,0,0,0,0.89833,0.3,0.3,,,
KLNW026689,0,,0,0,0,0,0,0,0,0.91,0.3,0.3,,,
KLNW026693,0,,0,0,0,0,0,0,0,0.79527,0.3,0.3,,,
KLNW026716,0,,0,0,0,0,0,0,0,,,,3.6566,0.4,0.4
KLNW026717,0,,0,0,0,0,0,0,0,1.00655,0.3,0.3,,,
KLNW026723,0,,0,0,0,0,0,0,0,1.43581,0.3,0.3,,,
KLNW026724,0,,0,0,0,0,0,0,0,2.04217,0.3,0.3,,,
KLNW026725,0,,0,0,0,0,0,0,0,2.26456,0.3,0.3,,,
KLNW026726,0,,0,0,0,0,0,0,0,1.02067,0.3,0.3,,,
KLNW026727,0,,0,0,0,0,0,0,0,2.18328,0.3,0.3,,,
KLNW026728,0,,0,0,0,0,0,0,0,2.25924,0.3,0.3,,,
KLNW026734,0,,0,0,0,0,0,0,0,1.255,0.3,0.3,,,
KLNW026743,0,,0,0,0,0,0,0,0,2.15746,0.3,0.3,,,
KLNW026744,0,,0,0,0,0,0,0,0,2.45,0.3,0.3,,,
KLNW026745,0,,0,0,0,0,0,0,0,2.5324,0.3,0.3,,,
KLNW026751,0,,0,0,0,0,0,0,0,0.82566,0.3,0.3,,,
KLNW026773,0,,0,0,0,0,0,0,0,2.236,0.3,0.3,,,
KLNW026780,0,,0,0,0,0,0,0,0,0.9095,0.3,0.3,,,
KLNW026898,0,,0,0,0,0,0,0,0,,,,3.5275,0.4,0.4
KLNW026928,0,,0,0,0,0,0,0,0,,,,2.31509,0.4,0.4
KLNW026933,0,,0,0,0,0,0,0,0,1.596,0.3,0.3,,,
KLNW026934,0,,0,0,0,0,0,0,0,,,,3.32761,0.4,0.4
KLNW026962,0,,0,0,0,0,0,0,0,1.01923,0.3,0.3,,,
KLNW026963,0,,0,0,0,0,0,0,0,1.05289,0.3,0.3,,,
KLNW027111,0,,0,0,0,0,0,0,0,1.03681,0.3,0.3,,,
KLNW027122,0,,0,0,0,0,0,0,0,1.00826,0.3,0.3,,,
KLNW027126,0,,0,0,0,0,0,0,0,0.908,0.3,0.3,,,
KLNW027229,0,,0,0,0,0,0,0,0,0.75927,0.3,0.3,,,
KLNW027376,0,,0,0,0,0,0,0,0,1.18367,0.3,0.3,,,
KLNW027697,0,,0,0,0,0,0,0,0,,,,3.635,0.4,0.4
KLNW027788,0,,0,0,0,0,0,0,0,2.90471,0.3,0.3,,,
KLNW027789,0,,0,0,0,0,0,0,0,2.37101,0.3,0.3,,,
KLNW027790,0,,0,0,0,0,0,0,0,2.57935,0.3,0.3,,,
KLNW027809,0,,0,0,0,0,0,0,0,,,,4.254,0.4,0.4
KLNW027817,0,,0,0,0,0,0,0,0,3.36,0.3,0.3,,,
KLNW027851,0,,0,0,0,0,0,0,0,3.28,0.3,0.3,,,
KLNW028047,0,,0,0,0,0,0,0,0,1.128,0.3,0.3,,,
KLNW028048,0,,0,0,0,0,0,0,0,1.0685,0.3,0.3,,,
KLNW028049,0,,0,0,0,0,0,0,0,1.213,0.3,0.3,,,
KLNW028270,0.1,,0,0,0,0,0,0,0,2.32957,0.3,0.3,,,
KLNW028312,0,,0,0,0,0,0,0,0,2.141,0.3,0.3,,,
KLNW028377,0,,0,0,0,0,0,0,0,0.9475,0.3,0.3,,,
KLNW028379,0,,0,0,0,0,0,0,0,0.94,0.3,0.3,,,
KLNW028391,0,,0,0,0,0,0,0,0,2.05852,0.3,0.3,,,
KLNW028392,0,,0,0,0,0,0,0,0,2.00273,0.3,0.3,,,
KLNW028393,0,,0,0,0,0,0,0,0,1.97619,0.3,0.3,,,
KLNW028394,0,,0,0,0,0,0,0,0,2.093,0.3,0.3,,,
KLNW028395,0,,0,0,0,0,0,0,0,2.31095,0.3,0.3,,,
KLNW028396,0,,0,0,0,0,0,0,0,2.03333,0.3,0.3,,,
KLNW028451,0,,0,0,0,0,0,0,0,1.132,0.3,0.3,,,
KLNW028452,0,,0,0,0,0,0,0,0,4.095,0.3,0.3,,,
KLNW028453,0,,0,0,0,0,0,0,0,1.86,0.3,0.3,,,
KLNW028455,0,,0,0,0,0,0,0,0,1.4055,0.3,0.3,,,
KLNW028456,0,,0,0,0,0,0,0,0,1.54333,0.3,0.3,,,
KLNW028457,0,,0,0,0,0,0,0,0,1.4485,0.3,0.3,,,
KLNW028458,0,,0,0,0,0,0,0,0,1.12333,0.3,0.3,,,
KLNW028459,0,,0,0,0,0,0,0,0,3.6,0.3,0.3,,,
KLNW028460,0,,0,0,0,0,0,0,0,2.78,0.3,0.3,,,
KLNW028461,0,,0,0,0,0,0,0,0,3.38,0.3,0.3,,,
KLNW028462,0,,0,0,0,0,0,0,0,2.76,0.3,0.3,,,
KLNW028463,0,,0,0,0,0,0,0,0,2.28,0.3,0.3,,,
KLNW028464,0,,0,0,0,0,0,0,0,2.26,0.3,0.3,,,
KLNW028465,0,,0,0,0,0,0,0,0,2.24,0.3,0.3,,,
KLNW028466,0,,0,0,0,0,0,0,0,3.53,0.3,0.3,,,
KLNW028467,0,,0,0,0,0,0,0,0,3.68,0.3,0.3,,,
KLNW028469,0,,0,0,0,0,0,0,0,2.92,0.3,0.3,,,
KLNW028470,0,,0,0,0,0,0,0,0,3.86,0.3,0.3,,,
KLNW028504,0,,0,0,0,0,0,0,0,2.543,0.3,0.3,,,
KLNW028505,0,,0,0,0,0,0,0,0,2.449,0.3,0.3,,,
KLNW028533,0,,0.078,12,0,0,0,0,0,,,,,,
KLNW028543,0,,0,0,0,0,0,0,0,2.132,0.3,0.3,,,
KLNW028546,0,,0,0,0,0,0,0,0,2.948,0.3,0.3,,,
KLNW028557,0,,0,0,0,0,0,0,0,1.67,0.3,0.3,,,
KLNW028559,0,,0,0,0,0,0,0,0,3.03,0.3,0.3,,,
KLNW028561,0,,0,0,0,0,0,0,0,6.08,0.3,0.3,,,
KLNW028562,0,,0,0,0,0,0,0,0,2.46,0.3,0.3,,,
KLNW028563,0,,0,0,0,0,0,0,0,,,,6.14,0.4,0.4
KLNW028564,0,,0,0,0,0,0,0,0,,,,2.88,0.4,0.4
KLNW028565,0,,0,0,0,0,0,0,0,,,,2.735,0.4,0.4
KLNW028569,0,,0,0,0,0,0,0,0,,,,3.403,0.4,0.4
KLNW028573,0,,0,0,0,0,0,0,0,3.02188,0.3,0.3,,,
KLNW028574,0,,0,0,0,0,0,0,0,3.10933,0.3,0.3,,,
KLNX012991,0,,0,0,0,0,0,0,0,1.19,0.3,0.3,,,
KLNX028097,0,,0,0,0,0,0,0,0,0.944,0.3,0.3,,,
KLNX028098,0,,0,0,0,0,0,0,0,0.93231,0.3,0.3,,,
KLNX028099,0,,0,0,0,0,0,0,0,0.84767,0.3,0.3,,,
KLNX028100,0,,0,0,0,0,0,0,0,1.511,0.3,0.3,,,
KLNX028101,0,,0,0,0,0,0,0,0,0.982,0.3,0.3,,,
KLNX028103,0,,0,0,0,0,0,0,0,1.2,0.3,0.3,,,
KLNX028104,0,,0,0,0,0,0,0,0,1.10789,0.3,0.3,,,
KLNX028105,0,,0,0,0,0,0,0,0,1.26105,0.3,0.3,,,
KLOX006148,0,,0,0,0,0,0,0,0,1.52908,0.3,0.3,,,
KLOX006158,0,,0,0,0,0,0,0,0,,,,3.2925,0.4,0.4
KLOX006160,0,,0,0,0,0,0,0,0,0.86625,0.3,0.3,,,
KLOX006160,0,,0,0,0,0,0,0,0,1.58,0.3,0.3,,,
KLOX006166,0,,0,0,0,0,0,0,0,,,,3.885,0.4,0.4
KLOX006170,0,,0,0,0,0,0,0,0,,,,3.53,0.4,0.4
KLOX006299,0,,0,0,0,0,0,0,0,0.82276,0.3,0.3,,,
KLOX007316,0,,0,0,0,0,0,0,0,1.16,0.3,0.3,,,
KLOX010842,0,,0,0,0,0,0,0,0,1.45,0.3,0.3,,,
KLOX011150,0,,0,0,0,0,0,0,0,0.872,0.3,0.3,,,
KLOX011150,0,,0,0,0,0,0,0,0,1.13456,0.3,0.3,,,
KLOX011150,0,,0,0,0,0,0,0,0,0.90959,0.3,0.3,,,
KLOX011173,0,,0,0,0,0,0,0,0,0.95167,0.3,0.3,,,
KLOX011459,0,,0,0,0,0,0,0,0,0.985,0.3,0.3,,,
KLOX011460,0,,0,0,0,0,0,0,0,1.71,0.3,0.3,,,
KLOX011461,0,,0,0,0,0,0,0,0,0.927,0.3,0.3,,,
KLOX011462,0,,0,0,0,0,0,0,0,3.39,0.3,0.3,,,
KLOX011463,0,,0,0,0,0,0,0,0,1.57,0.3,0.3,,,
KLOX011464,0,,0,0,0,0,0,0,0,1.31125,0.3,0.3,,,
KLOX011465,0,,0,0,0,0,0,0,0,0.687,0.3,0.3,,,
KLOX011466,0,,0,0,0,0,0,0,0,1.825,0.3,0.3,,,
KLOX011467,0,,0,0,0,0,0,0,0,1.513,0.3,0.3,,,
KLOX011468,0,,0,0,0,0,0,0,0,0.965,0.3,0.3,,,
KLOX011470,0,,0,0,0,0,0,0,0,1.493,0.3,0.3,,,
KLOX011471,0,,0,0,0,0,0,0,0,1.585,0.3,0.3,,,
KLOX011532,0,,0,0,0,0,0,0,0,1.13733,0.3,0.3,,,
KLOX011532,0,,0,0,0,0,0,0,0,0.82,0.3,0.3,,,
KLOX011595,0,,0,0,0,0,0,0,0,1.365,0.3,0.3,,,
KLOX011597,0,,0,0,0,0,0,0,0,3.81,0.3,0.3,,,
KLOX011598,0,,0,0,0,0,0,0,0,1.41,0.3,0.3,,,
KLOX011599,0,,0,0,0,0,0,0,0,1.7725,0.3,0.3,,,
KLOX011600,0,,0,0,0,0,0,0,0,1.155,0.3,0.3,,,
KLOX011601,0,,0,0,0,0,0,0,0,2.06,0.3,0.3,,,
KLOX011602,0,,0,0,0,0,0,0,0,2.375,0.3,0.3,,,
KLOX011603,0,,0,0,0,0,0,0,0,1.9825,0.3,0.3,,,
KLOX012078,0,,0,0,0,0,0,0,0,0.85333,0.3,0.3,,,
KLOX012296,0,,0,0,0,0,0,0,0,1.03,0.3,0.3,,,
KLOX012297,0,,0,0,0,0,0,0,0,4.61,0.3,0.3,,,
KLOX012298,0,,0,0,0,0,0,0,0,1.10333,0.3,0.3,,,
KLOX012299,0,,0,0,0,0,0,0,0,3.3,0.3,0.3,,,
KLOX012300,0,,0,0,0,0,0,0,0,1.15333,0.3,0.3,,,
KLOX012301,0,,0,0,0,0,0,0,0,0.96667,0.3,0.3,,,
KLOX012302,0,,0,0,0,0,0,0,0,1.22333,0.3,0.3,,,
KLOX012303,0,,0,0,0,0,0,0,0,1.775,0.3,0.3,,,
KLOX012304,0,,0,0,0,0,0,0,0,2.93667,0.3,0.3,,,
KLOX012305,0,,0,0,0,0,0,0,0,1.062,0.3,0.3,,,
KLOX012306,0,,0,0,0,0,0,0,0,1.69,0.3,0.3,,,
KLOX012307,0,,0,0,0,0,0,0,0,1.325,0.3,0.3,,,
KLOX012308,0,,0,0,0,0,0,0,0,1.59,0.3,0.3,,,
KLOX012309,0,,0,0,0,0,0,0,0,1.5,0.3,0.3,,,
KLOX012310,0,,0,0,0,0,0,0,0,3.21,0.3,0.3,,,
KLOX012311,0,,0,0,0,0,0,0,0,1.66,0.3,0.3,,,
KLOX012312,0,,0,0,0,0,0,0,0,1.105,0.3,0.3,,,
KLOX012313,0,,0,0,0,0,0,0,0,3.98,0.3,0.3,,,
KLOX012314,0,,0,0,0,0,0,0,0,1.4325,0.3,0.3,,,
KLOX012315,0,,0,0,0,0,0,0,0,3.7,0.3,0.3,,,
KLOX012316,0,,0,0,0,0,0,0,0,3.57,0.3,0.3,,,
KLOX012317,0,,0,0,0,0,0,0,0,2.315,0.3,0.3,,,
KLOX012318,0,,0,0,0,0,0,0,0,3.52,0.3,0.3,,,
KLOX012319,0,,0,0,0,0,0,0,0,4.575,0.3,0.3,,,
KLOX012321,0,,0,0,0,0,0,0,0,0.80458,0.3,0.3,,,
KLOX012322,0,,0,0,0,0,0,0,0,0.91203,0.3,0.3,,,
KLOX012323,0,,0,0,0,0,0,0,0,1.21,0.3,0.3,,,
KLOX012324,0,,0,0,0,0,0,0,0,3.21,0.3,0.3,,,
KLOX012325,0,,0,0,0,0,0,0,0,6.075,0.3,0.3,,,
KLOX012326,0,,0,0,0,0,0,0,0,1.31667,0.3,0.3,,,
KLOX012327,0,,0,0,0,0,0,0,0,1.36,0.3,0.3,,,
KLOX012328,0,,0,0,0,0,0,0,0,1.37,0.3,0.3,,,
KLOX012329,0,,0,0,0,0,0,0,0,2.715,0.3,0.3,,,
KLOX012330,0,,0,0,0,0,0,0,0,1.575,0.3,0.3,,,
KLOX012331,0,,0,0,0,0,0,0,0,0.93,0.3,0.3,,,
KLOX012334,0,,0,0,0,0,0,0,0,1.73,0.3,0.3,,,
KLOX012408,0,,0,0,0,0,0,0,0,0.7505,0.3,0.3,,,
KLOX012435,0,,0,0,0,0,0,0,0,7.57,0.3,0.3,,,
KLOX012436,0,,0,0,0,0,0,0,0,3.37,0.3,0.3,,,
KLOX012437,0,,0,0,0,0,0,0,0,1.90875,0.3,0.3,,,
KLOX012438,0,,0,0,0,0,0,0,0,3.15,0.3,0.3,,,
KLOX012439,0,,0,0,0,0,0,0,0,3.55333,0.3,0.3,,,
KLOX012440,0,,0,0,0,0,0,0,0,1.776,0.3,0.3,,,
KLOX012441,0,,0,0,0,0,0,0,0,1.93,0.3,0.3,,,
KLOX012442,0,,0,0,0,0,0,0,0,3.01,0.3,0.3,,,
KLOX012443,0,,0,0,0,0,0,0,0,3.32,0.3,0.3,,,
KLOX012444,0,,0,0,0,0,0,0,0,3.645,0.3,0.3,,,
KLOX012445,0,,0,0,0,0,0,0,0,3.645,0.3,0.3,,,
KLOX012446,0,,0,0,0,0,0,0,0,3.09,0.3,0.3,,,
KLOX012447,0,,0,0,0,0,0,0,0,4.27,0.3,0.3,,,
KLOX012448,0,,0,0,0,0,0,0,0,4.52,0.3,0.3,,,
KLOX012449,0,,0,0,0,0,0,0,0,3.2,0.3,0.3,,,
KLOX012450,0,,0,0,0,0,0,0,0,2.87,0.3,0.3,,,
KLOX012451,0,,0,0,0,0,0,0,0,2.44,0.3,0.3,,,
KLOX012452,0,,0,0,0,0,0,0,0,3.35,0.3,0.3,,,
KLOX012453,0,,0,0,0,0,0,0,0,3.2,0.3,0.3,,,
KLOX012454,0,,0,0,0,0,0,0,0,3.95,0.3,0.3,,,
KLOX012455,0,,0,0,0,0,0,0,0,1.94,0.3,0.3,,,
KLOX012456,0,,0,0,0,0,0,0,0,6.15,0.3,0.3,,,
KLOX012457,0,,0,0,0,0,0,0,0,3.71,0.3,0.3,,,
KLOX012458,0,,0,0,0,0,0,0,0,3.12,0.3,0.3,,,
KLOX012464,0,,0,0,0,0,0,0,0,0.76312,0.3,0.3,,,
KLOX012732,0,,0,0,0,0,0,0,0,1.18429,0.3,0.3,,,
KLOX012736,0,,0,0,0,0,0,0,0,1.66,0.3,0.3,,,
KLOX012737,0,,0,0,0,0,0,0,0,1.16,0.3,0.3,,,
KLOX012739,0,,0,0,0,0,0,0,0,2.6,0.3,0.3,,,
KLOX019728,0,,0,0,0,0,0,0,0,,,,,,
KLOX020715,0,,0,0,0,0,0,0,0,1.0775,0.3,0.3,,,
KLPW000015,0,,0,0,0,0,0,0,0,0.44712,0.3,0.3,,,
KLPW000017,0,,0.16,7,0,0,0,0,0,0.925,0.3,0.3,,,
KLPW000024,0,,0.084,10,0,0,0,0,0,0.84,0.3,0.3,,,
KLPW000026,0,,0.17,23,0,0,0,0,0,1.22,,,,,
KLPW000027,0,,0.04,2,0,0,0,0,0,0.48,0.3,0.3,,,
KLPW000029,0,,0.07,14,0,0,0,0,0,0.44958,0.3,0.3,,,
KLPW000035,0,,0,0,0,0,0,0,0,0.385,0.3,0.3,,,
KLPW000039,0,,0,0,0,0,0,0,0,0.6839,0.3,0.3,,,
KLPW000069,0.1,,0,0,0,0,0,0,0,1.058,0.3,0.3,,,
KLPW000069,0.4,,0,0,0,0,0,0,0,1.62,0.3,0.3,,,
KLPW000070,0.1,,0,0,0,0,0,0,0,0.73,0.3,0.3,,,
KLPW000077,0.1,,0,0,0,0,0,0,0,1.5,0.3,0.3,,,
KLPW000080,0.1,,0,0,0,0,0,0,0,0.775,0.3,0.3,,,
KLPW000087,0.1,,0,0,0,0,0,0,0,0.57,0.3,0.3,,,
KLPW000087,0.5,,0,0,0,0,0,0,0,2.96,0.3,0.3,,,
KLPW000106,0.1,,0,0,0,0,0,0,0,1.24967,0.3,0.3,,,
KLPW000134,0,,0,0,0,0,0,0,0,0.957,0.3,0.3,,,
KLPW000134,0.1,,0,0,0,0,0,0,0,0.95088,0.3,0.3,,,
KLPW000134,0.2,,0,0,0,0,0,0,0,1.09733,0.3,0.3,,,
KLPW000149,0.1,,0,0,0,0,0,0,0,0.88824,0.3,0.3,,,
KLPW000151,0.2,,0,0,0,0,0,0,0,0.6015,0.3,0.3,,,
KLPW000152,0.1,,0,0,0,0,0,0,0,1.0604,0.3,0.3,,,
KLPW000163,0,,0,0,0,0,0,0,0,,,,,,
KLPW000167,0,,0,0,0,0,0,0,0,,,,,,
KLPW000168,0,,0,0,0,0,0,0,0,,,,,,
KLPW000169,0,,0,0,0,0,0,0,0,,,,,,
KLPW000170,0,,0.07,5,0,0,0,0,0,0.4,0.3,0.3,,,
KLPW000364,0,,0,0,0,0,0,0,0,,,,,,
KLPW000366,0,,0,0,0,0,0,0,0,,,,,,
KLPW000367,0,,0,0,0,0,0,0,0,,,,,,
KLPW000369,0,,0,0,0,0,0,0,0,,,,,,
KLPW000370,0,,0,0,0,0,0,0,0,0.0123,0.3,0.3,,,
KLPW000372,0,,0,0,0,0,0,0,0,,,,,,
KLPW000373,0,,0,0,0,0,0,0,0,0.0161,0.3,0.3,,,
KLPW000374,0,,0,0,0,0,0,0,0,,,,,,
KLPW000375,0,,0,0,0,0,0,0,0,,,,,,
KLPW000377,0,,0,0,0,0,0,0,0,0.02563,0.3,0.3,,,
KLPW000378,0,,0,0,0,0,0,0,0,,,,,,
KLPW000379,0,,0,0,0,0,0,0,0,,,,,,
KLPW000413,0,,0,0,0,0,0,0,0,1.2,0.3,0.3,,,
KLPW001721,0,,0,0,0,0,0,0,0,1.6684,0.3,0.3,,,
KLPW001721,0.1,,0,0,0,0,0,0,0,2.10617,0.3,0.3,,,
KLPW001792,0.4,,0,0,0,0,0,0,0,2.79,0.3,0.3,,,
KLPW001801,0.1,,0,0,0,0,0,0,0,0.7845,0.3,0.3,,,
KLPW001801,0.2,,0,0,0,0,0,0,0,0.938,0.3,0.3,,,
KLPW001801,0.3,,0,0,0,0,0,0,0,0.971,0.3,0.3,,,
KLPW001988,0,,0,0,0,0,0,0,0,,,,,,
KLPW001989,0,,0,0,0,0,0,0,0,,,,,,
KLPW001990,0,,0,0,0,0,0,0,0,,,,,,
KLPW002135,0,,0,0,0,0,0,0,0,0.32635,0.3,0.3,,,
KLPW002160,0,,0,0,0,0,0,0,0,0.4504,0.3,0.3,,,
KLPW002161,0,,0,0,0,0,0,0,0,1.24383,0.3,0.3,,,
KLPW002163,0,,0,0,0,0,0,0,0,0.57958,0.3,0.3,,,
KLPW002193,0,,0,0,0,0,0,0,0,1.246,0.3,0.3,,,
KLPW002195,0.1,,0,0,0,0,0,0,0,1.53867,0.3,0.3,,,
KLPW002199,0,,0,0,0,0,0,0,0,1.083,0.3,0.3,,,
KLPW002209,0,,0,0,0,0,0,0,0,1.05717,0.3,0.3,,,
KLPW002209,0.2,,0,0,0,0,0,0,0,1.572,0.3,0.3,,,
KLPW002216,0.1,,0,0,0,0,0,0,0,1.014,0.3,0.3,,,
KLPW002218,0.1,,0,0,0,0,0,0,0,1.4255,0.3,0.3,,,
KLPW002220,0,,0,0,0,0,0,0,0,1.409,0.3,0.3,,,
KLPW002220,0.1,,0,0,0,0,0,0,0,1.392,0.3,0.3,,,
KLPW005238,0,,0,0,0,0,0,0,0,1.391,0.3,0.3,,,
KLPW005279,0.1,,0,0,0,0,0,0,0,1.282,0.3,0.3,,,
KLPW005289,0,,0,0,0,0,0,0,0,1.2,0.3,0.3,,,
KLPW006068,0.1,,0.065,8,0,0,0,0,0,1.10231,0.3,0.3,,,
KLPW006081,0.1,,0.086,5,0,0,0,0,0,1.059,0.3,0.3,,,
KLPW006193,0,,0,0,0,0,0,0,0,0.54,0.3,0.3,,,
KLPW006194,0,,0,0,0,0,0,0,0,,,,,,
KLPW006195,0,,0,0,0,0,0,0,0,0.29807,0.3,0.3,,,
KLPW006195,0.1,,0.058,16,0,0,0,0,0,1.6,0.3,0.3,,,
KLPW006196,0,,0,0,0,0,0,0,0,,,,,,
KLPW006264,0.1,,0,0,0,0,0,0,0,0.88,0.3,0.3,,,
KLPW006370,0,,0,0,0,0,0,0,0,0.74417,0.3,0.3,,,
KLPW006596,0,,0,0,0,0,0,0,0,0.33846,0.3,0.3,,,
KLPW006597,0,,0,0,0,0,0,0,0,0.40709,0.3,0.3,,,
KLPW006597,0.1,,0,0,0,0,0,0,0,1.53333,0.3,0.3,,,
KLPW006598,0,,0,0,0,0,0,0,0,0.06256,0.3,0.3,,,
KLPW006599,0,,0,0,0,0,0,0,0,0.37141,0.3,0.3,,,
KLPW006599,0.1,,0,0,0,0,0,0,0,1.39286,0.3,0.3,,,
KLPW006600,0,,0,0,0,0,0,0,0,0.42727,0.3,0.3,,,
KLPW006601,0,,0,0,0,0,0,0,0,0.28478,0.3,0.3,,,
KLPW006934,0.1,,0,0,0,0,0,0,0,1.87509,0.3,0.3,,,
KLPW006935,0.1,,0.025,3,0,0,0,0,0,2.2005,0.3,0.3,,,
KLPW006935,0.4,,0.031,3,0,0,0,0,0,2.581,0.3,0.3,,,
KLPW006939,0.2,,0,0,0,0,0,0,0,1.035,0.3,0.3,,,
KLPW006956,0,,0,0,0,0,0,0,0,1.42387,0.3,0.3,,,
KLPW006957,0,,0,0,0,0,0,0,0,0.59364,0.3,0.3,,,
KLPW006959,0,,0,0,0,0,0,0,0,1.492,0.3,0.3,,,
KLPW006961,0,,0,0,0,0,0,0,0,0.36275,0.3,0.3,,,
KLPW006962,0,,0,0,0,0,0,0,0,,,,,,
KLPW006964,0,,0,0,0,0,0,0,0,1.5481,0.3,0.3,,,
KLPW006965,0,,0,0,0,0,0,0,0,,,,,,
KLPW006967,0,,0,0,0,0,0,0,0,0.61867,0.3,0.3,,,
KLPW006968,0,,0,0,0,0,0,0,0,0.64364,0.3,0.3,,,
KLPW006982,0.2,,0.626,55,0,0,0,0,0,1.695,0.3,0.3,,,
KLPW006982,0.8,,0,0,0,0,0,0,0,1.71,0.3,0.3,,,
KLPW006985,0.2,,0.33,7,0,0,0,0,0,1.33,0.3,0.3,,,
KLPW006990,0,,0,0,0,0,0,0,0,0.658,0.3,0.3,,,
KLPW006992,0.1,,0,0,0,0,0,0,0,1.44,0.3,0.3,,,
KLPW007301,0,,0.059,3,0.065,23,0,0,0,1.826,0.3,0.3,,,
KLPW007301,0.1,,0.152,11,0,0,0,0,0,1.30667,0.3,0.3,,,
KLPW007304,0.1,,0.103,9,0,0,0,0,0,1.149,0.3,0.3,,,
KLPW007305,0.1,,0.121,8,0,0,0,0,0,1.14,0.3,0.3,,,
KLPW007440,0,,0,0,0,0,0,0,0,1.80992,0.3,0.3,,,
KLPW007441,0,,0.024,9,0,0,0,0,0,1.01458,0.3,0.3,,,
KLPW007442,0.1,,0,0,0,0,0,0,0,1.17325,0.3,0.3,,,
KLPW007443,0,,0,0,0,0,0,0,0,1.225,0.3,0.3,,,
KLPW007443,0.1,,0,0,0,0,0,0,0,1.155,0.3,0.3,,,
KLPW007445,0,,0.083,6,0,0,0,0,0,1.7785,0.3,0.3,,,
KLPW007446,0.1,,0.085,8,0,0,0,0,0,1.381,0.3,0.3,,,
KLPW007447,0,,0.13,12,0,0,0,0,0,1.588,0.3,0.3,,,
KLPW007449,0,,0.082,6,0,0,0,0,0,1.1545,0.3,0.3,,,
KLPW007449,0.4,,0,0,0,0,0,0,0,1.299,0.3,0.3,,,
KLPW007501,0,,0,0,0,0,0,0,0,1,0.3,0.3,,,
KLPW007504,0.1,,0,0,0,0,0,0,0,1.06,0.3,0.3,,,
KLPW007512,0.1,,0.023,5,0,0,0,0,0,1.17,0.3,0.3,,,
KLPW007718,0,,0,0,0,0,0,0,0,0.06,0.3,0.3,,,
KLPW007804,0.1,,0.033,14,0,0,0,0,0,1.485,0.3,0.3,,,
KLPW007830,0.1,,0,0,0,0,0,0,0,1.50257,0.3,0.3,,,
KLPW007857,0.1,,0,0,0,0,0,0,0,0.9785,0.3,0.3,,,
KLPW007872,0.1,,0,0,0,0,0,0,0,1.25825,0.3,0.3,,,
KLPW008471,0,,0,0,0,0,0,0,0,0.52941,0.3,0.3,,,
KLPW008472,0,,0,0,0,0,0,0,0,,,,,,
KLPW008473,0,,0,0,0,0,0,0,0,0.25847,0.3,0.3,,,
KLPW008476,0,,0,0,0,0,0,0,0,0.58125,0.3,0.3,,,
KLPW008477,0,,0,0,0,0,0,0,0,0.11111,0.3,0.3,,,
KLPW008478,0,,0,0,0,0,0,0,0,0.82807,0.3,0.3,,,
KLPW008478,0.1,,0,0,0,0,0,0,0,1.6,0.3,0.3,,,
KLPW008487,0,,0,0,0,0,0,0,0,,,,,,
KLPW008499,0,,0,0,0,0,0,0,0,0.9212,0.3,0.3,,,
KLPW008500,0,,0,0,0,0,0,0,0,0.40613,0.3,0.3,,,
KLPW008509,0.1,,0,0,0,0,0,0,0,1.112,0.3,0.3,,,
KLPW008561,0.1,,0,0,0,0,0,0,0,1.356,0.3,0.3,,,
KLPW008567,0.1,,0,0,0,0,0,0,0,1.437,0.3,0.3,,,
KLPW008568,0,,0,0,0,0,0,0,0,1.17067,0.3,0.3,,,
KLPW008569,0,,0.013,4,0,0,0,0,0,1.22,0.3,0.3,,,
KLPW008569,0.1,,0,0,0,0,0,0,0,1.29825,0.3,0.3,,,
KLPW008570,0.1,,0,0,0,0,0,0,0,1.627,0.3,0.3,,,
KLPW008574,0.1,,0,0,0,0,0,0,0,1.013,0.3,0.3,,,
KLPW008575,0,,0,0,0,0,0,0,0,1.332,0.3,0.3,,,
KLPW008577,0.1,,0,0,0,0,0,0,0,1.647,0.3,0.3,,,
KLPW008590,0,,0,0,0,0,0,0,0,1.05709,0.3,0.3,,,
KLPW008640,0,,0.216,23,0,0,0,0,0,0.6,0.3,0.3,,,
KLPW008683,0,,0,0,0,0,0,0,0,,,,,,
KLPW008711,0.1,,0,0,0,0,0,0,0,1.987,0.3,0.3,,,
KLPW008812,0,,0.278,16,0.08,3,0,0,0,1.128,0.3,0.3,,,
KLPW008812,0.1,,0.088,4,0,0,0,0,0,1.17,0.3,0.3,,,
KLPW008812,0.2,,0.088,4,0,0,0,0,0,1.12918,0.3,0.3,,,
KLPW008812,0.3,,0.091,8,0,0,0,0,0,1.1085,0.3,0.3,,,
KLPW008812,0.4,,0.04,4,0,0,0,0,0,1.0375,0.3,0.3,,,
KLPW008814,0,,0.009,3,0,0,0,0,0,0.81162,0.3,0.3,,,
KLPW008875,0,,0,0,0,0,0,0,0,0.4,0.3,0.3,,,
KLPW008876,0,,0,0,0,0,0,0,0,0.7125,0.3,0.3,,,
KLPW008879,0,,0.191,23,0,0,0,0,0,2.2,0.3,0.3,,,
KLPW008882,0,,0.068,14,0,0,0,0,0,1.93333,0.3,0.3,,,
KLPW008884,0,,0.058,11,0,0,0,0,0,1.15,0.3,0.3,,,
KLPW008885,0,,0,0,0,0,0,0,0,2.16364,0.3,0.3,,,
klpw008885,0,,0.292,57,0,0,0,0,0,3.4,0.3,0.3,,,
KLPW008885,0.3,,0,0,0,0,0,0,0,,,,,,
KLPW008889,0,,0.053,9,0,0,0,0,0,,,,,,
KLPW008903,0,,0.459,109,0,0,0,0,0,,,,,,
KLPW009193,0.1,,0,0,0,0,0,0,0,0.78,0.3,0.3,,,
KLPW009471,0,,0,0,0,0,0,0,0,1.499,0.3,0.3,,,
KLPW009471,0.1,,0,0,0,0,0,0,0,1.6991,0.3,0.3,,,
KLPW009472,0.1,,0,0,0,0,0,0,0,1.39448,0.3,0.3,,,
KLPW009473,0,,0,0,0,0,0,0,0,1.391,0.3,0.3,,,
KLPW009473,0.1,,0,0,0,0,0,0,0,1.3612,0.3,0.3,,,
KLPW009475,0.1,,0,0,0,0,0,0,0,0.9736,0.3,0.3,,,
KLPW009478,0.1,,0,0,0,0,0,0,0,0.92025,0.3,0.3,,,
KLPW009479,0.1,,0,0,0,0,0,0,0,1.47275,0.3,0.3,,,
KLPW009480,0.1,,0,0,0,0,0,0,0,1.12945,0.3,0.3,,,
KLPW009484,0,,0,0,0,0,0,0,0,1.13025,0.3,0.3,,,
KLPW009484,0.1,,0,0,0,0,0,0,0,1.19,0.3,0.3,,,
KLPW009486,0,,0,0,0,0,0,0,0,1.43695,0.3,0.3,,,
KLPW009487,0.1,,0,0,0,0,0,0,0,1.9392,0.3,0.3,,,
KLPW009489,0.1,,0,0,0,0,0,0,0,1.9255,0.3,0.3,,,
KLPW009498,0.1,,0,0,0,0,0,0,0,1.40915,0.3,0.3,,,
KLPW009571,0,,0,0,0,0,0,0,0,1.69727,0.3,0.3,,,
KLPW009572,0,,0,0,0,0,0,0,0,0.87462,0.3,0.3,,,
KLPW009578,0,,0,0,0,0,0,0,0,0.95818,0.3,0.3,,,
KLPW009616,0,,0,0,0,0,0,0,0,0.90909,0.3,0.3,,,
KLPW009659,0,,0,0,0,0,0,0,0,1.24818,0.3,0.3,,,
KLPW009689,0,,0,0,0,0,0,0,0,1.72438,0.3,0.3,,,
KLPW009761,0,,0,0,0,0,0,0,0,0.91951,0.3,0.3,,,
KLPW009767,0,,0,0,0,0,0,0,0,1.14083,0.3,0.3,,,
KLPW009769,0,,0,0,0,0,0,0,0,0.97788,0.3,0.3,,,
KLPW009770,0,,0,0,0,0,0,0,0,0.57381,0.3,0.3,,,
KLPW009772,0,,0,0,0,0,0,0,0,1.31,0.3,0.3,,,
KLPW009776,0,,0,0,0,0,0,0,0,2.0227,0.3,0.3,,,
KLPW009778,0,,0,0,0,0,0,0,0,1.72275,0.3,0.3,,,
KLPW009780,0,,0,0,0,0,0,0,0,1.545,0.3,0.3,,,
KLPW009781,0,,0,0,0,0,0,0,0,0.67886,0.3,0.3,,,
KLPW009782,0,,0,0,0,0,0,0,0,3.383,0.3,0.3,,,
KLPW009783,0,,0,0,0,0,0,0,0,0.73347,0.3,0.3,,,
KLPW009998,0,,0,0,0,0,0,0,0,1.537,0.3,0.3,,,
KLPW010000,0,,0,0,0,0,0,0,0,0.61434,0.3,0.3,,,
KLPW010364,0,,0,0,0,0,0,0,0,1.077,0.3,0.3,,,
KLPW010387,0,,0,0,0,0,0,0,0,0.95135,0.3,0.3,,,
KLPW010388,0,,0,0,0,0,0,0,0,0.22549,0.3,0.3,,,
KLPW010389,0,,0,0,0,0,0,0,0,0.2675,0.3,0.3,,,
KLPW010390,0,,0.36,111,0,0,0,0,0,3.3,0.3,0.3,,,
KLPW010438,0,,0,0,0,0,0,0,0,0.45667,0.3,0.3,,,
KLPW010564,0,,0,0,0,0,0,0,0,0.83333,0.3,0.3,,,
KLPW010639,0,,0,0,0,0,0,0,0,1.03418,0.3,0.3,,,
KLPW010640,0,,0,0,0,0,0,0,0,1.07,0.3,0.3,,,
KLPW010641,0,,0,0,0,0,0,0,0,0.81,0.3,0.3,,,
KLPW010642,0,,0,0,0,0,0,0,0,0.08,0.3,0.3,,,
KLPW010643,0,,0,0,0,0,0,0,0,0.81,0.3,0.3,,,
KLPW010647,0,,0,0,0,0,0,0,0,0.97,0.3,0.3,,,
KLPW010648,0,,0,0,0,0,0,0,0,0.96905,0.3,0.3,,,
KLPW010652,0,,0,0,0,0,0,0,0,1,0.3,0.3,,,
KLPW010655,0,,0,0,0,0,0,0,0,0.86818,0.3,0.3,,,
KLPW010656,0,,0,0,0,0,0,0,0,1.06,0.3,0.3,,,
KLPW010657,0,,0,0,0,0,0,0,0,0.99286,0.3,0.3,,,
KLPW010660,0,,0,0,0,0,0,0,0,1.35963,0.3,0.3,,,
KLPW010661,0,,0,0,0,0,0,0,0,1.10727,0.3,0.3,,,
KLPW010662,0,,0,0,0,0,0,0,0,0.92431,0.3,0.3,,,
KLPW010663,0,,0,0,0,0,0,0,0,0.8625,0.3,0.3,,,
KLPW010664,0,,0,0,0,0,0,0,0,1.03364,0.3,0.3,,,
KLPW010666,0,,0,0,0,0,0,0,0,0.78,0.3,0.3,,,
KLPW010668,0,,0,0,0,0,0,0,0,0.64,0.3,0.3,,,
KLPW010669,0,,0,0,0,0,0,0,0,0.87909,0.3,0.3,,,
KLPW010670,0,,0,0,0,0,0,0,0,1.33,0.3,0.3,,,
KLPW010673,0,,0,0,0,0,0,0,0,0.98381,0.3,0.3,,,
KLPW010674,0,,0,0,0,0,0,0,0,1.12524,0.3,0.3,,,
KLPW010677,0,,0,0,0,0,0,0,0,1.24909,0.3,0.3,,,
KLPW010679,0,,0,0,0,0,0,0,0,0.92,0.3,0.3,,,
KLPW010680,0,,0,0,0,0,0,0,0,1.43644,0.3,0.3,,,
KLPW010681,0,,0,0,0,0,0,0,0,0.86,0.3,0.3,,,
KLPW010682,0,,0,0,0,0,0,0,0,0.99313,0.3,0.3,,,
KLPW010683,0,,0,0,0,0,0,0,0,1,0.3,0.3,,,
KLPW010684,0,,0,0,0,0,0,0,0,0.87,0.3,0.3,,,
KLPW010686,0,,0,0,0,0,0,0,0,0.68,0.3,0.3,,,
KLPW010686,0.9,,0,0,0,0,0,0,0,0.65,0.3,0.3,,,
KLPW010687,0,,0,0,0,0,0,0,0,0.84,0.3,0.3,,,
KLPW010690,0,,0,0,0,0,0,0,0,1.22125,0.3,0.3,,,
KLPW010694,0,,0,0,0,0,0,0,0,0.7,0.3,0.3,,,
KLPW010695,0,,0,0,0,0,0,0,0,1.02455,0.3,0.3,,,
KLPW010701,0,,0,0,0,0,0,0,0,1.33656,0.3,0.3,,,
KLPW010703,0,,0,0,0,0,0,0,0,0.87,0.3,0.3,,,
KLPW010706,0,,0,0,0,0,0,0,0,1,0.3,0.3,,,
KLPW010707,0,,0,0,0,0,0,0,0,0.82,0.3,0.3,,,
KLPW010707,1.5,,0,0,0,0,0,0,0,0.82,0.3,0.3,,,
KLPW010708,0,,0,0,0,0,0,0,0,1.02,0.3,0.3,,,
KLPW010709,0,,0,0,0,0,0,0,0,1.01,0.3,0.3,,,
KLPW010710,0,,0,0,0,0,0,0,0,0.97,0.3,0.3,,,
KLPW010826,0,,0,0,0,0,0,0,0,1.05417,0.3,0.3,,,
KLPW010827,0,,0,0,0,0,0,0,0,1.626,0.3,0.3,,,
KLPW010828,0,,0,0,0,0,0,0,0,1.73071,0.3,0.3,,,
KLPW010828,0.1,,0.07,15,0,0,0,0,0,1.9,0.3,0.3,,,
KLPW010829,0,,0.04,10,0,0,0,0,0,1.976,0.3,0.3,,,
KLPW010830,0,,0.015,3,0,0,0,0,0,1.76571,0.3,0.3,,,
KLPW010831,0,,0,0,0,0,0,0,0,1.65059,0.3,0.3,,,
KLPW010836,0,,0,0,0,0,0,0,0,0.70517,0.3,0.3,,,
KLPW010840,0,,0,0,0,0,0,0,0,0.7,0.3,0.3,,,
KLPW010847,0,,0.82,133,0,0,0,0,0,3.6,0.3,0.3,,,
KLPW010896,0,,0,0,0,0,0,0,0,0.25,0.3,0.3,,,
KLPW010898,0,,0.026,6,0,0,0,0,0,1.16667,0.3,0.3,,,
KLPW010939,0,,0,0,0,0,0,0,0,0.6,0.3,0.3,,,
KLPW010940,0,,0,0,0,0,0,0,0,2.6,0.3,0.3,,,
KLPW010941,0,,0.035,6,0,0,0,0,0,0.9,0.3,0.3,,,
KLPW011004,0,,0,0,0,0,0,0,0,1.01,0.3,0.3,,,
KLPW011006,0,,0,0,0,0,0,0,0,0.97,0.3,0.3,,,
KLPW011007,0,,0.38,0,0,0,0,0,0,2.65,0.3,0.3,,,
KLPW011009,0,,0,0,0,0,0,0,0,0.14615,0.3,0.3,,,
KLPW011010,0,,0,0,0,0,0,0,0,0.66,0.3,0.3,,,
KLPW011012,0,,0,0,0,0,0,0,0,0.3,0.3,0.3,,,
KLPW011013,0,,0.07,5,0,0,0,0,0,0.4,0.3,0.3,,,
KLPW011014,0,,0.02,6,0,0,0,0,0,0.67333,0.3,0.3,,,
KLPW011023,0,,0,0,0,0,0,0,0,0.20125,0.3,0.3,,,
KLPW011024,0,,0,0,0,0,0,0,0,0.02053,0.3,0.3,,,
KLPW011075,0,,0,0,0,0,0,0,0,0.18475,0.3,0.3,,,
KLPW011075,0.2,,0,0,0,0,0,0,0,,,,,,
KLPW011076,0,,0,0,0,0,0,0,0,0.9,0.3,0.3,,,
KLPW011077,0,,0,0,0,0,0,0,0,0.38889,0.3,0.3,,,
KLPW011078,0,,0,0,0,0,0,0,0,0.83077,0.3,0.3,,,
KLPW011078,0.1,,0,0,0,0,0,0,0,1.8,0.3,0.3,,,
KLPW011079,0,,0,0,0,0,0,0,0,0.3375,0.3,0.3,,,
KLPW011079,0.1,,0,0,0,0,0,0,0,1,0.3,0.3,,,
KLPW011079,0.2,,0,0,0,0,0,0,0,0.9,0.3,0.3,,,
KLPW011080,0,,0,0,0,0,0,0,0,,,,,,
KLPW011081,0,,0,0,0,0,0,0,0,0.7125,0.3,0.3,,,
KLPW011082,0,,0,0,0,0,0,0,0,0.42,0.3,0.3,,,
KLPW011083,0,,0,0,0,0,0,0,0,0.10769,0.3,0.3,,,
KLPW011084,0,,0,0,0,0,0,0,0,0.06667,0.3,0.3,,,
KLPW011085,0,,0,0,0,0,0,0,0,0.05735,0.3,0.3,,,
KLPW011130,0,,0,0,0,0,0,0,0,0.275,0.3,0.3,,,
KLPW011130,0.1,,0.148,20,0,0,0,0,0,1.1,0.3,0.3,,,
KLPW011136,0,,0.04,6,0,0,0,0,0,1.63333,0.3,0.3,,,
KLPW011139,0,,0.046,11,0,0,0,0,0,2.518,0.3,0.3,,,
KLPW011144,0,,0.984,185,0,0,0,0,0,2.7,0.3,0.3,,,
KLPW011200,0,,0,0,0,0,0,0,0,0.28,0.3,0.3,,,
KLPW011201,0,,0,0,0,0,0,0,0,0.26923,0.3,0.3,,,
KLPW011202,0,,0,0,0,0,0,0,0,,,,,,
KLPW011202,0.1,,0,0,0,0,0,0,0,1.61667,0.3,0.3,,,
KLPW011203,0,,0,0,0,0,0,0,0,0.13333,0.3,0.3,,,
KLPW011204,0,,0,0,0,0,0,0,0,0.25333,0.3,0.3,,,
KLPW011205,0,,0,0,0,0,0,0,0,0.8,0.3,0.3,,,
KLPW011206,0,,0,0,0,0,0,0,0,0.228,0.3,0.3,,,
KLPW011206,0.1,,0,0,0,0,0,0,0,0.6,0.3,0.3,,,
KLPW011207,0,,0.87,12,0,0,0,0,0,0.87,0.3,0.3,,,
KLPW011208,0,,0,0,0,0,0,0,0,1.34,0.3,0.3,,,
KLPW011209,0,,0,0,0,0,0,0,0,0.8,0.3,0.3,,,
KLPW011210,0,,0,0,0,0,0,0,0,0.2,0.3,0.3,,,
KLPW011211,0,,0,0,0,0,0,0,0,0.53333,0.3,0.3,,,
KLPW011212,0,,0,0,0,0,0,0,0,0.62373,0.3,0.3,,,
KLPW011227,0,,0,0,0,0,0,0,0,0.38182,0.3,0.3,,,
klpw011227,0,,0,0,0,0,0,0,0,,,,,,
KLPW011227,0.1,,0,0,0,0,0,0,0,0.6,0.3,0.3,,,
KLPW011228,0,,0.169,21,0,0,0,0,0,2.4,0.3,0.3,,,
KLPW011229,0,,0,0,0,0,0,0,0,,,,,,
KLPW011230,0,,0.13,30,0,0,0,0,0,1,0.3,0.3,,,
KLPW011232,0,,0,0,0,0,0,0,0,0.78,0.3,0.3,,,
KLPW011233,0,,0,0,0,0,0,0,0,0.96667,0.3,0.3,,,
KLPW011234,0,,0,0,0,0,0,0,0,,,,,,
KLPW011242,0,,0.925,311,0,0,0,0,0,11.3,0.3,0.3,,,
KLPW011271,0,,0,0,0,0,0,0,0,0.93667,0.3,0.3,,,
KLPW011272,0,,0,0,0,0,0,0,0,1.892,0.3,0.3,,,
KLPW011281,0,,0,0,0,0,0,0,0,0.66333,0.3,0.3,,,
KLPW011283,0,,0,0,0,0,0,0,0,0.887,0.3,0.3,,,
KLPW011288,0,,0,0,0,0,0,0,0,0.743,0.3,0.3,,,
KLPW011293,0,,0,0,0,0,0,0,0,2.027,0.3,0.3,,,
KLPW011340,0,,0,0,0,0,0,0,0,0.77,0.3,0.3,,,
KLPW011364,0,,0,0,0,0,0,0,0,,,,,,
KLPW011434,0,,0,0,0,0,0,0,0,0.11429,0.3,0.3,,,
KLPW011472,0,,0.018,1,0,0,0,0,0,1.32659,0.3,0.3,,,
KLPW011472,0.1,,0.125,9,0,0,0,0,0,2.685,0.3,0.3,,,
KLPW011505,0,,0,0,0,0,0,0,0,2.289,0.3,0.3,,,
KLPW011508,0,,0.188,,0,0,0,0,0,3.112,0.3,0.3,,,
KLPW011510,0,,0,0,0,0,0,0,0,1.228,0.3,0.3,,,
KLPW011511,0,,0,0,0,0,0,0,0,2.108,0.3,0.3,,,
KLPW011515,0,,0,0,0,0,0,0,0,1.077,0.3,0.3,,,
KLPW011518,0,,0,0,0,0,0,0,0,1.674,0.3,0.3,,,
KLPW011519,0,,0,0,0,0,0,0,0,1.124,0.3,0.3,,,
KLPW011522,0,,0,0,0,0,0,0,0,2.052,0.3,0.3,,,
KLPW011523,0,,0,0,0,0,0,0,0,1.14,0.3,0.3,,,
KLPW011526,0,,0,0,0,0,0,0,0,1.038,0.3,0.3,,,
KLPW011542,0,,0,0,0,0,0,0,0,0.53333,0.3,0.3,,,
KLPW011542,0.1,,0,0,0,0,0,0,0,0.545,0.3,0.3,,,
KLPW011551,0,,0,0,0,0,0,0,0,1.05875,0.3,0.3,,,
KLPW011553,0.1,,0,0,0,0,0,0,0,0.79,0.3,0.3,,,
KLPW011553,0.5,,0,0,0,0,0,0,0,0.79,0.3,0.3,,,
KLPW011553,0.6,,0,0,0,0,0,0,0,0.805,0.3,0.3,,,
KLPW011556,0.1,,0,0,0,0,0,0,0,0.955,0.3,0.3,,,
KLPW011556,0.6,,0,0,0,0,0,0,0,0.94667,0.3,0.3,,,
KLPW011563,0.1,,0,0,0,0,0,0,0,0.962,0.3,0.3,,,
KLPW011565,0.1,,0,0,0,0,0,0,0,1.515,0.3,0.3,,,
KLPW011566,0.2,,0,0,0,0,0,0,0,0.558,0.3,0.3,,,
KLPW011570,0,,0,0,0,0,0,0,0,2.198,0.3,0.3,,,
KLPW011576,0.2,,0,0,0,0,0,0,0,1.42,0.3,0.3,,,
KLPW011578,0.1,,0,0,0,0,0,0,0,0.73,0.3,0.3,,,
KLPW011578,0.3,,0,0,0,0,0,0,0,0.736,0.3,0.3,,,
KLPW011584,0,,0,0,0,0,0,0,0,1.25,0.3,0.3,,,
KLPW011585,0,,0,0,0,0,0,0,0,1.44,0.3,0.3,,,
KLPW011586,0,,0,0,0,0,0,0,0,1.49286,0.3,0.3,,,
KLPW011587,0.3,,0,0,0,0,0,0,0,2.27,0.3,0.3,,,
KLPW011589,0.2,,0,0,0,0,0,0,0,2.16,0.3,0.3,,,
KLPW011590,0,,0,0,0,0,0,0,0,1.57,0.3,0.3,,,
KLPW011590,0.8,,0,0,0,0,0,0,0,1.59,0.3,0.3,,,
KLPW011592,0.1,,0,0,0,0,0,0,0,1.01,0.3,0.3,,,
KLPW011592,1.3,,0.064,15,0,0,0,0,0,0.97333,0.3,0.3,,,
KLPW011593,0.1,,0,0,0,0,0,0,0,1.38,0.3,0.3,,,
KLPW011668,0,,0,0,0,0,0,0,0,2.043,0.3,0.3,,,
KLPW011669,0,,0,0,0,0,0,0,0,0.935,0.3,0.3,,,
KLPW012281,0,,0,0,0,0,0,0,0,,,,,,
KLPW012360,0,,0,0,0,0,0,0,0,0.92867,0.3,0.3,,,
KLPW012361,0,,0,0,0,0,0,0,0,0.492,0.3,0.3,,,
KLPW012365,0,,0,0,0,0,0,0,0,0.992,0.3,0.3,,,
KLPW012369,0,,0.041,13,0,0,0,0,0,1.192,0.3,0.3,,,
KLPW012370,0.1,,0.075,20,0,0,0,0,0,1.005,0.3,0.3,,,
KLPW012371,0.1,,0.075,20,0,0,0,0,0,0.894,0.3,0.3,,,
KLPW012394,0,,0,0,0,0,0,0,0,0.5581,0.3,0.3,,,
KLPW012395,0,,0,0,0,0,0,0,0,0.8526,0.3,0.3,,,
KLPW012396,0,,0,0,0,0,0,0,0,0.50313,0.3,0.3,,,
KLPW012397,0,,0,0,0,0,0,0,0,0.8965,0.3,0.3,,,
KLPW012404,0,,0,0,0,0,0,0,0,0.7887,0.3,0.3,,,
KLPW012405,0,,0,0,0,0,0,0,0,1.29122,0.3,0.3,,,
KLPW012406,0,,0,0,0,0,0,0,0,0.42467,0.3,0.3,,,
KLPW012407,0,,0,0,0,0,0,0,0,1.12186,0.3,0.3,,,
KLPW012409,0.2,,0.098,17,0,0,0,0,0,2.431,0.3,0.3,,,
KLPW012409,0.3,,0.072,12,0,0,0,0,0,2.4272,0.3,0.3,,,
KLPW012411,0.1,,0,0,0,0,0,0,0,1.383,0.3,0.3,,,
KLPW012411,0.2,,0,0,0,0,0,0,0,1.429,0.3,0.3,,,
KLPW012412,0.3,,0,0,0,0,0,0,0,2.12,0.3,0.3,,,
KLPW012412,0.4,,0,0,0,0,0,0,0,1.936,0.3,0.3,,,
KLPW012413,0,,0,0,0,0,0,0,0,0.371,0.3,0.3,,,
KLPW012413,0.1,,0,0,0,0,0,0,0,0.396,0.3,0.3,,,
KLPW012415,0,,0.107,29,0,0,0,0,0,0.66,0.3,0.3,,,
KLPW012418,0,,0,0,0,0,0,0,0,0.47267,0.3,0.3,,,
KLPW012419,0,,0,0,0,0,0,0,0,0.46867,0.3,0.3,,,
KLPW012420,0,,0,0,0,0,0,0,0,1.0184,0.3,0.3,,,
KLPW012422,0,,0,0,0,0,0,0,0,0.59425,0.3,0.3,,,
KLPW012423,0,,0,0,0,0,0,0,0,0.551,0.3,0.3,,,
KLPW012424,0,,0,0,0,0,0,0,0,0.505,0.3,0.3,,,
KLPW012424,0.1,,0,0,0,0,0,0,0,0.484,0.3,0.3,,,
KLPW012427,0,,0,0,0,0,0,0,0,0.7125,0.3,0.3,,,
KLPW012429,0,,0,0,0,0,0,0,0,0.5765,0.3,0.3,,,
KLPW012472,0,,0,0,0,0,0,0,0,0.28433,0.3,0.3,,,
KLPW012475,0,,0.16,60,0,0,0,0,0,1.03,0.3,0.3,,,
KLPW012475,1.1,,0.164,60,0,0,0,0,0,1.1,0.3,0.3,,,
KLPW012475,1.2,,0.165,60,0,0,0,0,0,1.165,0.3,0.3,,,
KLPW012477,0,,0,0,0,0,0,0,0,0.6,0.3,0.3,,,
KLPW012479,0,,0.141,35,0,0,0,0,0,1.63,0.3,0.3,,,
KLPW012479,1.6,,0.141,35,0,0,0,0,0,1.63,0.3,0.3,,,
KLPW012479,1.7,,0.142,35,0,0,0,0,0,1.67,0.3,0.3,,,
KLPW012480,1.7,,0.209,38,0,0,0,0,0,1.72,0.3,0.3,,,
KLPW012480,1.8,,0.209,38,0,0,0,0,0,1.795,0.3,0.3,,,
KLPW012480,1.9,,0.209,38,0,0,0,0,0,1.885,0.3,0.3,,,
KLPW012481,0,,0.2,50,0,0,0,0,0,2.57,0.3,0.3,,,
KLPW012483,0,,0,0,0,0,0,0,0,0.77,0.3,0.3,,,
KLPW012484,0,,0.099,16,0,0,0,0,0,1.985,0.3,0.3,,,
KLPW012484,1.9,,0.1,16,0,0,0,0,0,1.925,0.3,0.3,,,
KLPW012484,2,,0.099,16,0,0,0,0,0,1.965,0.3,0.3,,,
KLPW012485,0,,0.03,4,0,0,0,0,0,1.75,0.3,0.3,,,
KLPW012485,0.1,,0.027,4,0,0,0,0,0,1.81,0.3,0.3,,,
KLPW012485,1.8,,0.026,4,0,0,0,0,0,1.8025,0.3,0.3,,,
KLPW012486,0,,0.183,20,0,0,0,0,0,1.64333,0.3,0.3,,,
KLPW012487,0,,0.05,12,0,0,0,0,0,1.41,0.3,0.3,,,
KLPW012488,0,,0.13,22,0,0,0,0,0,0.73,0.3,0.3,,,
KLPW012489,0,,0.36,50,0,0,0,0,0,2.48,0.3,0.3,,,
KLPW012491,0,,0.034,9,0,0,0,0,0,1.16,0.3,0.3,,,
KLPW012491,1.1,,0.043,11,0,0,0,0,0,1.10333,0.3,0.3,,,
KLPW012493,0,,0.09,9,0,0,0,0,0,1.15,0.3,0.3,,,
KLPW012509,0,,0,0,0,0,0,0,0,,,,,,
KLPW012542,0,,0,0,0,0,0,0,0,1.042,0.3,0.3,,,
KLPW012545,0,,0,0,0,0,0,0,0,1.3,0.3,0.3,,,
KLPW012613,0,,0,0,0,0,0,0,0,1,0.3,0.3,,,
KLPW012614,0,,0,0,0,0,0,0,0,0.51472,0.3,0.3,,,
KLPW012629,0,,0,0,0,0,0,0,0,1.442,0.3,0.3,,,
KLPW012641,0,,0,0,0,0,0,0,0,0.684,0.3,0.3,,,
KLPW012642,0,,0,0,0,0,0,0,0,1.513,0.3,0.3,,,
KLPW012643,0,,0,0,0,0,0,0,0,0.74889,0.3,0.3,,,
KLPW012644,0,,0,0,0,0,0,0,0,1.596,0.3,0.3,,,
KLPW012645,0,,0,0,0,0,0,0,0,1.067,0.3,0.3,,,
KLPW012646,0,,0,0,0,0,0,0,0,0.85346,0.3,0.3,,,
KLPW012675,0,,0,0,0,0,0,0,0,0.7559,0.3,0.3,,,
KLPW012676,0,,0,0,0,0,0,0,0,1.364,0.3,0.3,,,
KLPW012677,0,,0,0,0,0,0,0,0,0.85333,0.3,0.3,,,
KLPW012678,0,,0,0,0,0,0,0,0,1.025,0.3,0.3,,,
KLPW012684,0,,0,0,0,0,0,0,0,0.13,0.3,0.3,,,
KLPW012965,0,,0,0,0,0,0,0,0,0.3,0.3,0.3,,,
KLPW012967,0,,0,0,0,0,0,0,0,0.33583,0.3,0.3,,,
KLPW012968,0,,0,0,0,0,0,0,0,0.36364,0.3,0.3,,,
KLPW013398,0,,0,0,0,0,0,0,0,0.10588,0.3,0.3,,,
KLPW013401,0,,0.046,19,0,0,0,0,0,1.1,0.3,0.3,,,
KLPW013411,0,,0.241,39,0,0,0,0,0,1.55,0.3,0.3,,,
KLPW013412,0,,0.058,16,0,0,0,0,0,1.6,0.3,0.3,,,
KLPW013412,0.1,,0.058,16,0,0,0,0,0,1.6,0.3,0.3,,,
KLPW013413,0,,0.053,9,0,0,0,0,0,2.1,0.3,0.3,,,
KLPW013414,0,,0.459,109,0,0,0,0,0,3.3,0.3,0.3,,,
KLPW013457,0.2,,0,0,0,0,0,0,0,1.425,0.3,0.3,,,
KLPW013644,0,,0.047,8,0,0,0,0,0,1.6,0.3,0.3,,,
KLPW013645,0,,0,0,0,0,0,0,0,1.64,0.3,0.3,,,
KLPW013646,0,,0,0,0,0,0,0,0,1.46,0.3,0.3,,,
KLPW013647,0,,0.016,4,0,0,0,0,0,1.22,0.3,0.3,,,
KLPW013651,0,,0,0,0,0,0,0,0,1.65,0.3,0.3,,,
KLPW013652,0,,0,0,0,0,0,0,0,1.46,0.3,0.3,,,
KLPW013655,0,,0.008,2,0,0,0,0,0,1.26,0.3,0.3,,,
KLPW013658,0,,0,0,0,0,0,0,0,1.37,0.3,0.3,,,
KLPW013659,0,,0.058,17,0,0,0,0,0,2.12,0.3,0.3,,,
KLPW013663,0,,0,0,0,0,0,0,0,0.99,0.3,0.3,,,
KLPW013664,0,,0,0,0,0,0,0,0,1.12,0.3,0.3,,,
KLPW013665,0,,0,0,0,0,0,0,0,1.13,0.3,0.3,,,
KLPW013706,0.1,,0,0,0,0,0,0,0,1.234,0.3,0.3,,,
KLPW013716,0.1,,0.033,2,0,0,0,0,0,1.2725,0.3,0.3,,,
KLPW013718,0.1,,0.093,18,0,0,0,0,0,1.6145,0.3,0.3,,,
KLPW013721,0.1,,0.029,15,0,0,0,0,0,1.21275,0.3,0.3,,,
KLPW013803,0.9,,0.025,8,0,0,0,0,0,1.66,0.3,0.3,,,
KLPW013804,1.3,,0.028,8,0,0,0,0,0,2.65,0.3,0.3,,,
KLPW013978,0,,0,0,0,0,0,0,0,1.06,0.3,0.3,,,
KLPW013990,0,,0,0,0,0,0,0,0,0.973,0.3,0.3,,,
KLPW013991,0,,0,0,0,0,0,0,0,0.936,0.3,0.3,,,
KLPW014036,0,,0,0,0,0,0,0,0,0.695,0.3,0.3,,,
KLPW014037,0,,0,0,0,0,0,0,0,0.66,0.3,0.3,,,
KLPW014038,0,,0,0,0,0,0,0,0,0.75,0.3,0.3,,,
KLPW014039,0,,0,0,0,0,0,0,0,0.735,0.3,0.3,,,
KLPW014040,0,,0,0,0,0,0,0,0,0.71,0.3,0.3,,,
KLPW014041,0,,0,0,0,0,0,0,0,1.645,0.3,0.3,,,
KLPW014042,0,,0,0,0,0,0,0,0,1.82,0.3,0.3,,,
KLPW014043,0,,0,0,0,0,0,0,0,0.745,0.3,0.3,,,
KLPW014044,0,,0,0,0,0,0,0,0,0.96,0.3,0.3,,,
KLPW014045,0,,0.007,1,0,0,0,0,0,0.685,0.3,0.3,,,
KLPW014046,0,,0,0,0,0,0,0,0,1.615,0.3,0.3,,,
KLPW014048,0,,0.045,9,0,0,0,0,0,1.05,0.3,0.3,,,
KLPW014163,1.2,,0.296,29,0,0,0,0,0,,,,,,
KLPW014164,1.5,,0.132,22,0,0,0,0,0,,,,,,
KLPW014187,1,,0.382,17,0,0,0,0,0,,,,,,
KLPW014192,0,,0.147,20,0,0,0,0,0,1.749,0.3,0.3,,,
KLPW014210,1.3,,0.336,29,0,0,0,0,0,,,,,,
KLPW014370,1,,0.012,1,0,0,0,0,0,1.76,0.3,0.3,,,
KLPW014379,1.5,,0,0,0,0,0,0,0,1.61,0.3,0.3,,,
KLPW014412,0,,0.037,2,0,0,0,0,0,2.253,0.3,0.3,,,
KLPW014412,0.1,,0,0,0,0,0,0,0,2.28,0.3,0.3,,,
KLPW014420,0.1,,0,0,0,0,0,0,0,2.2495,0.3,0.3,,,
KLPW014458,0,,0,0,0,0,0,0,0,1.16,0.3,0.3,,,
KLPW014474,0,,0,0,0,0,0,0,0,3.082,0.3,0.3,,,
KLPW014484,0,,0,0,0,0,0,0,0,1.4,0.3,0.3,,,
KLPW014485,0,,0,0,0,0,0,0,0,1.00308,0.3,0.3,,,
KLPW014602,0,,0,0,0,0,0,0,0,0.43636,0.3,0.3,,,
KLPW014603,0.1,,0.067,14,0,0,0,0,0,0.9,0.3,0.3,,,
KLPW014604,0,,0,0,0,0,0,0,0,0.9,0.3,0.3,,,
KLPW014607,0,,0,0,0,0,0,0,0,0.5,0.3,0.3,,,
KLPW014608,0.1,,0.117,28,0,0,0,0,0,0.9,0.3,0.3,,,
KLPW014609,0,,0.018,6,0,0,0,0,0,0.7,0.3,0.3,,,
KLPW014610,0,,0.084,15,0,0,0,0,0,1.1,0.3,0.3,,,
KLPW014610,0.1,,0.084,15,0,0,0,0,0,1.1,0.3,0.3,,,
KLPW014611,0,,0,0,0,0,0,0,0,0.62222,0.3,0.3,,,
KLPW014612,0,,0.03,6,0,0,0,0,0,1,0.3,0.3,,,
KLPW014613,0,,0.16,21,0,0,0,0,0,2.5,0.3,0.3,,,
KLPW014614,0,,0,0,0,0,0,0,0,0.85,0.3,0.3,,,
KLPW014616,0,,0,0,0,0,0,0,0,,,,,,
KLPW014616,0.1,,0.057,19,0,0,0,0,0,0.7,0.3,0.3,,,
KLPW014618,0,,0,0,0,0,0,0,0,0.72,0.3,0.3,,,
KLPW014619,0,,0,0,0,0,0,0,0,0.16,0.3,0.3,,,
KLPW014619,0.1,,0.05,10,0,0,0,0,0,0.8,0.3,0.3,,,
KLPW014625,0,,0.14,20,0,0,0,0,0,2,0.3,0.3,,,
KLPW014626,0,,0,0,0,0,0,0,0,,,,,,
KLPW014627,0,,0,0,0,0,0,0,0,0.5975,0.3,0.3,,,
KLPW014631,0.1,,0.09,22,0,0,0,0,0,0.7,0.3,0.3,,,
KLPW014640,0,,0.063,23,0,0,0,0,0,1.1,0.3,0.3,,,
KLPW014644,0,,0.117,28,0,0,0,0,0,0.9,0.3,0.3,,,
KLPW014645,0,,0.072,18,0,0,0,0,0,0.8,0.3,0.3,,,
KLPW014646,0,,0.027,11,0,0,0,0,0,0.72667,0.3,0.3,,,
KLPW014647,0,,0,0,0,0,0,0,0,1.45,0.3,0.3,,,
KLPW014648,0,,0.062,15,0,0,0,0,0,0.7,0.3,0.3,,,
KLPW014649,0,,0.067,12,0,0,0,0,0,0.8,0.3,0.3,,,
KLPW014651,0,,0.047,18,0,0,0,0,0,1.1,0.3,0.3,,,
KLPW014655,0.1,,0.087,17,0,0,0,0,0,0.8,0.3,0.3,,,
KLPW014656,0,,0.015,1,0,0,0,0,0,1.05,0.3,0.3,,,
KLPW014657,0,,0.047,6,0,0,0,0,0,0.7,0.3,0.3,,,
KLPW014661,0.2,,0.162,31,0,0,0,0,0,2.4,0.3,0.3,,,
KLPW014820,0.1,,0,0,0,0,0,0,0,0.66,0.3,0.3,,,
KLPW014841,0.2,,0,0,0,0,0,0,0,2.79,0.3,0.3,,,
KLPW014842,0.7,,0,0,0,0,0,0,0,1.884,0.3,0.3,,,
KLPW014851,0,,0,0,0,0,0,0,0,2.27,0.3,0.3,,,
KLPW014852,0,,0,0,0,0,0,0,0,1.75,0.3,0.3,,,
KLPW014856,0,,0,0,0,0,0,0,0,1.02,0.3,0.3,,,
KLPW014858,0,,0,0,0,0,0,0,0,0.65,0.3,0.3,,,
KLPW014866,0,,0,0,0,0,0,0,0,1.25,0.3,0.3,,,
KLPW014869,0,,0,0,0,0,0,0,0,2.31,0.3,0.3,,,
KLPW014872,0.2,,0,0,0,0,0,0,0,1.448,0.3,0.3,,,
KLPW014873,0.1,,0,0,0,0,0,0,0,1.65,0.3,0.3,,,
KLPW014874,0.1,,0,0,0,0,0,0,0,1.65,0.3,0.3,,,
KLPW014876,0.2,,0,0,0,0,0,0,0,0.6,0.3,0.3,,,
KLPW014877,0.1,,0,0,0,0,0,0,0,2.54,0.3,0.3,,,
KLPW014878,0.2,,0,0,0,0,0,0,0,0.93,0.3,0.3,,,
KLPW014881,0,,0,0,0,0,0,0,0,3.26,0.3,0.3,,,
KLPW014886,0.1,,0,0,0,0,0,0,0,4.13,0.3,0.3,,,
KLPW014888,0,,0,0,0,0,0,0,0,1.62,0.3,0.3,,,
KLPW014890,0.5,,0,0,0,0,0,0,0,2.42,0.3,0.3,,,
KLPW015020,0,,0,0,0,0,0,0,0,0.7187,0.3,0.3,,,
KLPW015264,0,,0,0,0,0,0,0,0,,,,,,
KLPW015293,0.7,,0.022,7,0,0,0,0,0,1.42,0.3,0.3,,,
KLPW015300,1.3,,0,0,0,0,0,0,0,1.24,0.3,0.3,,,
KLPW015477,0,,0,0,0,0,0,0,0,0.55,0.3,0.3,,,
KLPW015750,0,,0.017,6,0,0,0,0,0,1.21923,0.3,0.3,,,
KLPW015751,0,,0,0,0,0,0,0,0,1.18174,0.3,0.3,,,
KLPW015751,1.1,,3.23,6,0,0,0,0,0,1.14,0.3,0.3,,,
KLPW015751,1.2,,3.05,6,0,0,0,0,0,1.20111,0.3,0.3,,,
KLPW015786,0.5,,0.02,8,0,0,0,0,0,1.74,0.3,0.3,,,
KLPW015839,0,,0,0,0,0,0,0,0,,,,1.84,0.4,0.4
KLPW015840,0,,0,0,0,0,0,0,0,,,,1.634,0.4,0.4
KLPW015841,0,,0,0,0,0,0,0,0,,,,1.07945,0.4,0.4
KLPW015843,0,,0,0,0,0,0,0,0,,,,0.95527,0.4,0.4
KLPW016153,0.9,,0,0,0,0,0,0,0,1.36,0.3,0.3,,,
KLPW016154,0.7,,0.035,1,0,0,0,0,0,1.63,0.3,0.3,,,
KLPW016157,1,,0.02,1,0,0,0,0,0,1.89,0.3,0.3,,,
KLPW016174,1,,0.021,6,0,0,0,0,0,2.32,0.3,0.3,,,
KLPW016257,0.1,,0,0,0,0,0,0,0,1.192,0.3,0.3,,,
KLPW016257,0.2,,0,0,0,0,0,0,0,1.15,0.3,0.3,,,
KLPW017166,0,,0,0,0,0,0,0,0,0.56686,0.3,0.3,,,
KLPW017693,0,,0,0,0,0,0,0,0,1.0655,0.3,0.3,,,
KLPW017693,0.1,,0,0,0,0,0,0,0,1.176,0.3,0.3,,,
KLPW017694,0.1,,0,0,0,0,0,0,0,0.99917,0.3,0.3,,,
KLPW018002,0,,0,0,0,0,0,0,0,0.7513,0.3,0.3,,,
KLPW018136,0.4,,0.01,3,0.005,1,0,0,0,2.1,0.3,0.3,,,
KLPW018138,1,,0.143,17,0.085,2,0,0,0,2.35,0.3,0.3,,,
KLPW018139,0,,0.032,7,0,0,0,0,0,2.13,0.3,0.3,,,
KLPW018140,0.3,,0.025,1,0,0,0,0,0,2.1,0.3,0.3,,,
KLPW018141,0.3,,0.025,1,0,0,0,0,0,1.99,0.3,0.3,,,
KLPW018142,0.6,,0.025,1,0,0,0,0,0,2.11,0.3,0.3,,,
KLPW018143,0.7,,0.02,1,0,0,0,0,0,2.19,0.3,0.3,,,
KLPW018144,0.2,,0.1,1,0,0,0,0,0,2.2,0.3,0.3,,,
KLPW018147,0.6,,0.03,2,0,0,0,0,0,2.39,0.3,0.3,,,
KLPW018148,0.7,,0.03,2,0,0,0,0,0,2.7,0.3,0.3,,,
KLPW018149,0.6,,0.01,3,0.02,1,0,0,0,2.09,0.3,0.3,,,
KLPW018162,0,,0,0,0,0,0,0,0,1.6625,0.3,0.3,,,
KLPW018165,0.1,,0,0,0,0,0,0,0,0.605,0.3,0.3,,,
KLPW018168,0.1,,0,0,0,0,0,0,0,1.05,0.3,0.3,,,
KLPW018203,0,,0,0,0,0,0,0,0,,,,2.0965,0.4,0.4
KLPW018207,0,,0,0,0,0,0,0,0,,,,1.948,0.4,0.4
KLPW018208,0,,0,0,0,0,0,0,0,,,,0.792,0.4,0.4
KLPW018210,0.1,,0.025,9,0,0,0,0,0,1.232,0.3,0.3,,,
KLPW018246,1.1,,0.038,8,0,0,0,0,0,1.94,0.3,0.3,,,
KLPW018247,0.9,,0,0,0,0,0,0,0,2.31,0.3,0.3,,,
KLPW018259,0,,0,0,0,0,0,0,0,,,,1.83611,0.4,0.4
KLPW018307,1.7,,0.283,190,0,0,0,0,0,2,0.3,0.3,,,
KLPW018332,0,,0.188,53,0,0,0,0,0,2.23,0.3,0.3,,,
KLPW018414,0,,0,0,0,0,0,0,0,0.55355,0.3,0.3,,,
KLPW018416,0,,0,0,0,0,0,0,0,0.47533,0.3,0.3,,,
KLPW018467,0,,0,0,0,0,0,0,0,1.253,0.3,0.3,,,
KLPW018533,0,,0.4,12,0,0,0,0,0,1.22,0.3,0.3,,,
KLPW018548,0,,0,0,0,0,0,0,0,,,,,,
KLPW018549,0,,0,0,0,0,0,0,0,,,,,,
KLPW018550,0,,0,0,0,0,0,0,0,,,,,,
KLPW018551,0,,0,0,0,0,0,0,0,,,,,,
KLPW018552,0,,0,0,0,0,0,0,0,,,,,,
KLPW018553,0,,0,0,0,0,0,0,0,,,,,,
KLPW018554,0,,0,0,0,0,0,0,0,,,,,,
KLPW018560,0,,0,0,0,0,0,0,0,,,,,,
KLPW018601,0.4,,0,0,0,0,0,0,0,1.93,0.3,0.3,,,
KLPW018909,0,,0,0,0,0,0,0,0,0.36976,0.3,0.3,,,
KLPW018910,0,,0,0,0,0,0,0,0,0.43443,0.3,0.3,,,
KLPW019064,1.6,,0.02,1,0,0,0,0,0,1.87,0.3,0.3,,,
KLPW019172,1,,0,0,0,0,0,0,0,1.01,0.3,0.3,,,
KLPW019547,0,,0,0,0,0,0,0,0,,,,,,
KLPW019908,0,,0,0,0,0,0,0,0,0.59,0.3,0.3,,,
KLPW019909,0,,0,0,0,0,0,0,0,0.55,0.3,0.3,,,
KLPW019911,0,,0,0,0,0,0,0,0,0.59,0.3,0.3,,,
KLPW019912,0,,0,0,0,0,0,0,0,0.71,0.3,0.3,,,
KLPW019913,0,,0,0,0,0,0,0,0,0.8,0.3,0.3,,,
KLPW019914,0,,0,0,0,0,0,0,0,0.77,0.3,0.3,,,
KLPW019915,0,,0,0,0,0,0,0,0,0.88,0.3,0.3,,,
KLPW019916,0,,0,0,0,0,0,0,0,0.97,0.3,0.3,,,
KLPW019916,0.2,,0,0,0,0,0,0,0,0.91,0.3,0.3,,,
KLPW019917,0,,0,0,0,0,0,0,0,0.78,0.3,0.3,,,
KLPW019938,0,,0,0,0,0,0,0,0,0.25,0.3,0.3,,,
KLPW019970,0,,0,0,0,0,0,0,0,1.4842,0.3,0.3,,,
KLPW019970,0.3,,0,0,0,0,0,0,0,1.313,0.3,0.3,,,
KLPW019970,0.4,,0,0,0,0,0,0,0,1.5315,0.3,0.3,,,
KLPW019970,0.5,,0,0,0,0,0,0,0,1.6055,0.3,0.3,,,
KLPW019972,0.3,,0,0,0,0,0,0,0,1.26375,0.3,0.3,,,
KLPW020025,0.5,,0.008,1,0.007,2,0,0,0,1.852,0.3,0.3,,,
KLPW020048,0,,0.061,9,0,0,0,0,0,2.38,0.3,0.3,,,
KLPW020048,0.1,,0.018,2,0.041,7,0,0,0,1.875,0.3,0.3,,,
KLPW020048,0.3,,0.028,3,0.03,3,0,0,0,2.09,0.3,0.3,,,
KLPW020211,0,,0,0,0,0,0,0,0,1.317,0.3,0.3,,,
KLPW020218,0.1,,0.038,9,0,0,0,0,0,1.2525,0.3,0.3,,,
KLPW020219,0.1,,0,0,0,0,0,0,0,2.4825,0.3,0.3,,,
KLPW020220,0.1,,0,0,0,0,0,0,0,2.03867,0.3,0.3,,,
KLPW020223,0,,0,0,0,0,0,0,0,1.486,0.3,0.3,,,
KLPW020223,0.1,,0,0,0,0,0,0,0,1.42,0.3,0.3,,,
KLPW020224,0,,0,0,0,0,0,0,0,1.708,0.3,0.3,,,
KLPW020224,0.1,,0,0,0,0,0,0,0,1.662,0.3,0.3,,,
KLPW020225,0,,0,0,0,0,0,0,0,1.465,0.3,0.3,,,
KLPW020225,0.1,,0,0,0,0,0,0,0,1.541,0.3,0.3,,,
KLPW020226,0,,0,0,0,0,0,0,0,1.768,0.3,0.3,,,
KLPW020226,0.1,,0,0,0,0,0,0,0,1.716,0.3,0.3,,,
KLPW020228,0,,0,0,0,0,0,0,0,1.14,0.3,0.3,,,
KLPW020230,0,,0,0,0,0,0,0,0,1.21525,0.3,0.3,,,
KLPW020231,0,,0.014,1,0,0,0,0,0,0.965,0.3,0.3,,,
KLPW020231,0.1,,0.014,1,0,0,0,0,0,0.9805,0.3,0.3,,,
KLPW020241,0.1,,0,0,0,0,0,0,0,1.377,0.3,0.3,,,
KLPW020247,0.1,,0,0,0,0,0,0,0,1.761,0.3,0.3,,,
KLPW020249,0.1,,0,0,0,0,0,0,0,1.367,0.3,0.3,,,
KLPW020258,0.1,,0,0,0,0,0,0,0,1.654,0.3,0.3,,,
KLPW020259,0,,0,0,0,0,0,0,0,1.172,0.3,0.3,,,
KLPW020259,0.1,,0,0,0,0,0,0,0,1.377,0.3,0.3,,,
KLPW020261,0,,0,0,0,0,0,0,0,1.556,0.3,0.3,,,
KLPW020262,0.1,,0,0,0,0,0,0,0,1.741,0.3,0.3,,,
KLPW020262,0.2,,0,0,0,0,0,0,0,2.297,0.3,0.3,,,
KLPW020264,0.1,,0,0,0,0,0,0,0,1.234,0.3,0.3,,,
KLPW020265,0.1,,0,0,0,0,0,0,0,1.41225,0.3,0.3,,,
KLPW020266,0.1,,0,0,0,0,0,0,0,1.865,0.3,0.3,,,
KLPW020267,0.1,,0.036,17,0,0,0,0,0,1.27775,0.3,0.3,,,
KLPW020268,0.1,,0.021,5,0,0,0,0,0,1.697,0.3,0.3,,,
KLPW020269,0.1,,0.083,22,0,0,0,0,0,1.7775,0.3,0.3,,,
KLPW020270,0.1,,0.031,13,0,0,0,0,0,1.57233,0.3,0.3,,,
KLPW020272,0.2,,0,0,0,0,0,0,0,0.82,0.3,0.3,,,
KLPW020273,0.3,,0,0,0,0,0,0,0,0.56,0.3,0.3,,,
KLPW020274,0.4,,0,0,0,0,0,0,0,1.31,0.3,0.3,,,
KLPW020277,0.3,,0,0,0,0,0,0,0,0.93,0.3,0.3,,,
KLPW020278,0.3,,0,0,0,0,0,0,0,0.74,0.3,0.3,,,
KLPW020281,0.4,,0,0,0,0,0,0,0,0.81,0.3,0.3,,,
KLPW020282,0.2,,0,0,0,0,0,0,0,0.67,0.3,0.3,,,
KLPW020450,0.1,,0,0,0,0,0,0,0,1.58,0.3,0.3,,,
KLPW020453,0.1,,0.118,34,0,0,0,0,0,2.13667,0.3,0.3,,,
KLPW020556,0.2,,0.072,14,0,0,0,0,0,1.18,0.3,0.3,,,
KLPW020556,0.3,,0.056,14,0,0,0,0,0,1.215,0.3,0.3,,,
KLPW020562,0.1,,0.08,20,0.016,1,0,0,0,1.15,0.3,0.3,,,
KLPW020562,0.2,,0,0,0.078,20,0,0,0,1.12,0.3,0.3,,,
KLPW020565,0.1,,0,0,0,0,0,0,0,0.6,0.3,0.3,,,
KLPW020567,0.1,,0,0,0,0,0,0,0,0.905,0.3,0.3,,,
KLPW020568,0.1,,0,0,0,0,0,0,0,0.58,0.3,0.3,,,
KLPW020574,0,,0,0,0,0,0,0,0,0.56,0.3,0.3,,,
KLPW020591,0.1,,0,0,0,0,0,0,0,0.995,0.3,0.3,,,
KLPW020601,0.1,,0,0,0,0,0,0,0,1.144,0.3,0.3,,,
KLPW020604,0.1,,0.068,17,0,0,0,0,0,1.6,0.3,0.3,,,
KLPW020605,0.1,,0.051,9,0,0,0,0,0,1.33125,0.3,0.3,,,
KLPW020681,0.4,,0.017,2,0,0,0,0,0,1.33,0.3,0.3,,,
KLPW020998,0,,0,0,0,0,0,0,0,,,,2.135,0.4,0.4
KLPW020999,0,,0,0,0,0,0,0,0,,,,2.035,0.4,0.4
KLPW021005,0,,0,0,0,0,0,0,0,,,,3.36136,0.4,0.4
KLPW021313,0.1,,0.196,6,0.046,17,0,0,0,0.934,0.3,0.3,,,
KLPW021389,0.3,,0,0,0,0,0,0,0,1.605,0.3,0.3,,,
KLPW021497,0.2,,0,0,0,0,0,0,0,1.268,0.3,0.3,,,
KLPW021498,0.1,,0,0,0,0,0,0,0,1.5675,0.3,0.3,,,
KLPW021515,0.1,,0,0,0,0,0,0,0,1.503,0.3,0.3,,,
KLPW021538,0.2,,0.102,26,0,0,0,0,0,2.349,0.3,0.3,,,
KLPW021571,0,,0.087,12,0.016,1,0,0,0,1.75,0.3,0.3,,,
KLPW021571,0.2,,0.016,1,0.062,12,0,0,0,1.99,0.3,0.3,,,
KLPW021571,0.3,,0.016,1,0.066,12,0,0,0,1.94,0.3,0.3,,,
KLPW021610,0,,0,0,0,0,0,0,0,,,,,,
KLPW021611,0,,0,0,0,0,0,0,0,,,,,,
KLPW021612,0,,0,0,0,0,0,0,0,,,,,,
KLPW021613,0,,0,0,0,0,0,0,0,,,,,,
KLPW021614,0,,0,0,0,0,0,0,0,,,,,,
KLPW021615,0,,0,0,0,0,0,0,0,,,,,,
KLPW021616,0,,0,0,0,0,0,0,0,,,,,,
KLPW021617,0,,0,0,0,0,0,0,0,,,,,,
KLPW021618,0,,0,0,0,0,0,0,0,,,,,,
KLPW021619,0,,0,0,0,0,0,0,0,,,,,,
KLPW021623,0,,0,0,0,0,0,0,0,,,,,,
KLPW021624,0,,0,0,0,0,0,0,0,,,,,,
KLPW021625,0,,0,0,0,0,0,0,0,,,,,,
KLPW021626,0,,0,0,0,0,0,0,0,,,,,,
KLPW021630,0,,0,0,0,0,0,0,0,,,,,,
KLPW021631,0,,0,0,0,0,0,0,0,,,,,,
KLPW021632,0,,0,0,0,0,0,0,0,,,,,,
KLPW021633,0,,0,0,0,0,0,0,0,,,,,,
KLPW021634,0,,0,0,0,0,0,0,0,,,,,,
KLPW021635,0,,0,0,0,0,0,0,0,,,,,,
KLPW021636,0,,0,0,0,0,0,0,0,,,,,,
KLPW021646,0,,0,0,0,0,0,0,0,,,,,,
KLPW021647,0,,0,0,0,0,0,0,0,,,,,,
KLPW021648,0,,0,0,0,0,0,0,0,,,,,,
KLPW021649,0,,0,0,0,0,0,0,0,,,,,,
KLPW021650,0,,0,0,0,0,0,0,0,,,,,,
KLPW021651,0,,0,0,0,0,0,0,0,,,,,,
KLPW021653,0,,0,0,0,0,0,0,0,,,,,,
KLPW021654,0,,0,0,0,0,0,0,0,,,,,,
KLPW021655,0,,0,0,0,0,0,0,0,,,,,,
KLPW021657,0,,0,0,0,0,0,0,0,,,,,,
KLPW021660,0.2,,0,0,0,0,0,0,0,1.602,0.3,0.3,,,
KLPW021684,0,,0,0,0,0,0,0,0,,,,2.2175,0.4,0.4
KLPW021685,0,,0,0,0,0,0,0,0,,,,1.76667,0.4,0.4
KLPW021712,0.1,,0,0,0,0,0,0,0,0.67,0.3,0.3,,,
KLPW021713,0,,0,0,0,0,0,0,0,0.7,0.3,0.3,,,
KLPW021715,0.1,,0,0,0,0,0,0,0,0.74,0.3,0.3,,,
KLPW021716,0,,0,0,0,0,0,0,0,0.76493,0.3,0.3,,,
KLPW021743,0.1,,0,0,0,0,0,0,0,0.8,0.3,0.3,,,
KLPW021751,0,,0,0,0,0,0,0,0,,,,0.9322,0.4,0.4
KLPW021774,0.1,,0.029,2,0,0,0,0,0,1.65,0.3,0.3,,,
KLPW021775,0.1,,0,0,0,0,0,0,0,1.09,0.3,0.3,,,
KLPW021775,0.2,,0,0,0,0,0,0,0,0.93,0.3,0.3,,,
KLPW021792,0.1,,0.033,5,0,0,0,0,0,1.075,0.3,0.3,,,
KLPW021792,0.2,,0.061,1,0.038,6,0,0,0,1.15,0.3,0.3,,,
KLPW021793,0.2,,0,0,0,0,0,0,0,0.9,0.3,0.3,,,
KLPW021795,0.2,,0,0,0,0,0,0,0,0.54,0.3,0.3,,,
KLPW021796,0.2,,0,0,0,0,0,0,0,0.97,0.3,0.3,,,
KLPW021808,0.2,,0.507,1,0.266,35,0,0,0,1.33,0.3,0.3,,,
KLPW021809,0.2,,0.026,2,0.086,12,0,0,0,0.95,0.3,0.3,,,
KLPW021824,0,,0,0,0,0,0,0,0,0.4,0.3,0.3,,,
KLPW021824,0.2,,0,0,0,0,0,0,0,1.42,0.3,0.3,,,
KLPW021966,0,,0,0,0,0,0,0,0,,,,2.34,0.4,0.4
KLPW021967,0,,0,0,0,0,0,0,0,,,,0.98794,0.4,0.4
KLPW022203,0,,0,0,0,0,0,0,0,,,,1.86931,0.4,0.4
KLPW022204,0,,0,0,0,0,0,0,0,,,,1.1607,0.4,0.4
KLPW022396,0,,0.017,6,0,0,0,0,0,0.823,0.3,0.3,,,
KLPW022757,0,,0,0,0,0,0,0,0,,,,1.00629,0.4,0.4
KLPW022758,0,,0,0,0,0,0,0,0,,,,1.70273,0.4,0.4
KLPW022759,0,,0,0,0,0,0,0,0,,,,1.725,0.4,0.4
KLPW022760,0,,0,0,0,0,0,0,0,,,,1.47333,0.4,0.4
KLPW022761,0,,0,0,0,0,0,0,0,,,,1.64,0.4,0.4
KLPW022762,0,,0,0,0,0,0,0,0,,,,1.36667,0.4,0.4
KLPW022763,0,,0,0,0,0,0,0,0,,,,1.43071,0.4,0.4
KLPW022764,0,,0,0,0,0,0,0,0,,,,1.35,0.4,0.4
KLPW022765,0,,0,0,0,0,0,0,0,,,,1.72183,0.4,0.4
KLPW022766,0,,0,0,0,0,0,0,0,,,,2.165,0.4,0.4
KLPW022782,0,,0.081,34,0,0,0,0,0,0.905,0.3,0.3,,,
KLPW023252,0,,0,0,0,0,0,0,0,,,,1.11,0.4,0.4
KLPW023253,0,,0,0,0,0,0,0,0,,,,1.84667,0.4,0.4
KLPW023261,0,,0,0,0,0,0,0,0,,,,0.815,0.4,0.4
KLPW023262,0,,0,0,0,0,0,0,0,,,,1.0225,0.4,0.4
KLPW023263,0,,0,0,0,0,0,0,0,,,,0.72833,0.4,0.4
KLPW023787,0,,0,0,0,0,0,0,0,1.235,0.3,0.3,,,
KLPW024071,1,,0.034,7,0,0,0,0,0,1,0.3,0.3,,,
KLPW024170,0,,0,0,0,0,0,0,0,,,,2.024,0.4,0.4
KLPW024189,0,,0,0,0,0,0,0,0,,,,1.12,0.4,0.4
KLPW024203,0,,0,0,0,0,0,0,0,,,,2.06,0.4,0.4
KLPW024446,0,,0,0,0,0,0,0,0,0.968,0.3,0.3,,,
KLPW024453,0.1,,0,0,0,0,0,0,0,1.191,0.3,0.3,,,
KLPW024454,0.1,,0,0,0,0,0,0,0,1.52,0.3,0.3,,,
KLPW024455,0.1,,0,0,0,0,0,0,0,1.5605,0.3,0.3,,,
KLPW024456,0.1,,0.056,8,0,0,0,0,0,1.1605,0.3,0.3,,,
KLPW024457,0.1,,0.055,8,0,0,0,0,0,0.9585,0.3,0.3,,,
KLPW024459,0.1,,0.135,6,0.079,28,0,0,0,2.528,0.3,0.3,,,
KLPW024464,0.1,,0,0,0,0,0,0,0,0.931,0.3,0.3,,,
KLPW024465,0,,0,0,0,0,0,0,0,0.846,0.3,0.3,,,
KLPW024465,0.1,,0,0,0,0,0,0,0,0.908,0.3,0.3,,,
KLPW024468,0.1,,0,0,0,0,0,0,0,0.946,0.3,0.3,,,
KLPW024469,0.1,,0.024,6,0,0,0,0,0,1.1625,0.3,0.3,,,
KLPW024470,0,,0.018,5,0,0,0,0,0,1.1005,0.3,0.3,,,
KLPW024471,0.1,,0,0,0,0,0,0,0,1.449,0.3,0.3,,,
KLPW024472,0.1,,0.083,29,0,0,0,0,0,1.474,0.3,0.3,,,
KLPW024473,0.1,,0,0,0,0,0,0,0,2.023,0.3,0.3,,,
KLPW024475,0.1,,0.042,9,0,0,0,0,0,1.453,0.3,0.3,,,
KLPW024477,0.1,,0.085,6,0,0,0,0,0,1.12,0.3,0.3,,,
KLPW024487,0.1,,0,0,0,0,0,0,0,1.585,0.3,0.3,,,
KLPW024488,0.1,,0,0,0,0,0,0,0,0.925,0.3,0.3,,,
KLPW024489,0.1,,0.023,13,0,0,0,0,0,1.84,0.3,0.3,,,
KLPW024491,0.1,,0.039,12,0,0,0,0,0,1.772,0.3,0.3,,,
KLPW024493,0.1,,0.099,6,0,0,0,0,0,1.038,0.3,0.3,,,
KLPW024673,0.1,,0.101,10,0,0,0,0,0,0.55333,0.3,0.3,,,
KLPW024715,0,,0,0,0,0,0,0,0,,,,2.07469,0.4,0.4
KLPW024716,0,,0,0,0,0,0,0,0,,,,2.158,0.4,0.4
KLPW024717,0,,0,0,0,0,0,0,0,,,,2.065,0.4,0.4
KLPW024718,0,,0,0,0,0,0,0,0,,,,1.99737,0.4,0.4
KLPW024720,0,,0,0,0,0,0,0,0,,,,1.99667,0.4,0.4
KLPW024721,0,,0,0,0,0,0,0,0,,,,1.218,0.4,0.4
KLPW024722,0,,0,0,0,0,0,0,0,,,,2.39339,0.4,0.4
KLPW024723,0,,0,0,0,0,0,0,0,,,,1.889,0.4,0.4
KLPW024724,0,,0,0,0,0,0,0,0,,,,1.618,0.4,0.4
KLPW024725,0,,0,0,0,0,0,0,0,,,,3.45906,0.4,0.4
KLPW024726,0,,0,0,0,0,0,0,0,,,,2.535,0.4,0.4
KLPW024727,0,,0,0,0,0,0,0,0,,,,1.10806,0.4,0.4
KLPW024728,0,,0,0,0,0,0,0,0,,,,2.85724,0.4,0.4
KLPW024729,0,,0,0,0,0,0,0,0,,,,2.08393,0.4,0.4
KLPW024781,0,,0,0,0,0,0,0,0,,,,,,
KLPW024783,0,,0,0,0,0,0,0,0,,,,,,
KLPW024805,0,,0,0,0,0,0,0,0,0.53333,0.3,0.3,,,
KLPW024827,0,,0,0,0,0,0,0,0,,,,1.78308,0.4,0.4
KLPW024829,0,,0,0,0,0,0,0,0,,,,1.32778,0.4,0.4
KLPW024830,0,,0,0,0,0,0,0,0,,,,2.49286,0.4,0.4
KLPW024832,0,,0,0,0,0,0,0,0,,,,2.47222,0.4,0.4
KLPW024833,0,,0,0,0,0,0,0,0,,,,1.3125,0.4,0.4
KLPW025092,0.1,,0,0,0,0,0,0,0,2.26667,0.3,0.3,,,
KLPW025095,0.1,,0,0,0,0,0,0,0,1.843,0.3,0.3,,,
KLPW025097,0,,0,0,0,0,0,0,0,2.622,0.3,0.3,,,
KLPW025214,0,,0.158,2,0,0,0,0,0,0.82167,0.3,0.3,,,
KLPW025316,0,,0.5,95,0,0,0,0,0,3.52,0.3,0.3,,,
KLPW025337,0.1,,2.01,61,0,0,0,0,0,3.69,0.3,0.3,,,
KLPW025372,0,,0,0,0,0,0,0,0,,,,2.93738,0.4,0.4
KLPW025782,1.4,,0.078,24,0,0,0,0,0,1.29667,0.3,0.3,,,
KLPW025782,1.5,,0.079,24,0,0,0,0,0,1.27333,0.3,0.3,,,
KLPW025782,1.6,,0.08,24,0,0,0,0,0,1.265,0.3,0.3,,,
KLPW026352,0,,0,0,0,0,0,0,0,,,,,,
KLPW026399,0,,0,0,0,0,0,0,0,,,,2.506,0.4,0.4
KLPW026400,0,,0,0,0,0,0,0,0,,,,2.884,0.4,0.4
KLPW026499,0.5,,0.068,15,0,0,0,0,0,0.98,0.3,0.3,,,
KLPW026499,0.6,,0.126,13,0,0,0,0,0,1.01,0.3,0.3,,,
KLPW026553,0,,0,0,0,0,0,0,0,,,,,,
KLPW026553,1.2,,0,0,0,0,0,0,0,1.5,0.3,0.3,,,
KLPW026600,0.1,,0,0,0,0,0,0,0,1.285,0.3,0.3,,,
KLPW026607,0,,0,0,0,0,0,0,0,,,,2.34,0.4,0.4
KLPW026641,0,,0,0,0,0,0,0,0,0.48266,0.3,0.3,,,
KLPW026642,0,,0,0,0,0,0,0,0,0.45,0.3,0.3,,,
KLPW026662,0,,0,0,0,0,0,0,0,1.246,0.3,0.3,,,
KLPW026664,0,,0,0,0,0,0,0,0,1.13067,0.3,0.3,,,
KLPW026665,0,,0,0,0,0,0,0,0,0.89333,0.3,0.3,,,
KLPW026666,0,,0,0,0,0,0,0,0,0.83267,0.3,0.3,,,
KLPW026697,0,,0,0,0,0,0,0,0,,,,1.554,0.4,0.4
KLPW026698,0,,0,0,0,0,0,0,0,,,,1.58304,0.4,0.4
KLPW026705,0,,0,0,0,0,0,0,0,1.21,0.3,0.3,,,
KLPW026706,0,,0,0,0,0,0,0,0,1.12333,0.3,0.3,,,
KLPW026712,0,,0,0,0,0,0,0,0,1.33333,0.3,0.3,,,
KLPW026714,0,,0,0,0,0,0,0,0,,,,,,
KLPW026736,0,,0,0,0,0,0,0,0,,,,1.91981,0.4,0.4
KLPW026737,0,,0,0,0,0,0,0,0,,,,3.1,0.4,0.4
KLPW026738,0,,0,0,0,0,0,0,0,0.402,0.3,0.3,,,
KLPW026813,0,,0,0,0,0,0,0,0,,,,,,
KLPW026814,0,,0,0,0,0,0,0,0,,,,,,
KLPW026837,0,,0,0,0,0,0,0,0,1.1372,0.3,0.3,,,
KLPW026838,0,,0,0,0,0,0,0,0,1.076,0.3,0.3,,,
KLPW026858,0.1,,0.026,9,0,0,0,0,0,0.96,0.3,0.3,,,
KLPW026895,0,,0,0,0,0,0,0,0,,,,0.905,0.4,0.4
KLPW026937,0,,0,0,0,0,0,0,0,,,,1.5365,0.4,0.4
KLPW026944,0,,0,0,0,0,0,0,0,,,,,,
KLPW026950,0,,0,0,0,0,0,0,0,,,,,,
KLPW026999,0,,0,0,0,0,0,0,0,,,,1.924,0.4,0.4
KLPW027036,0,,0,0,0,0,0,0,0,,,,,,
KLPW027088,0,,0,0,0,0,0,0,0,,,,,,
KLPW027455,0.1,,0,0,0,0,0,0,0,0.8525,0.3,0.3,,,
KLPW027480,0,,0,0,0,0,0,0,0,,,,,,
KLPW027483,0,,0,0,0,0,0,0,0,,,,,,
KLPW027484,0,,0,0,0,0,0,0,0,,,,,,
KLPW027486,0,,0,0,0,0,0,0,0,,,,,,
KLPW027487,0,,0,0,0,0,0,0,0,,,,,,
KLPW027592,0,,0,0,0,0,0,0,0,0.12615,0.3,0.3,,,
KLPW027593,0,,0,0,0,0,0,0,0,,,,,,
KLPW027668,0.3,,0,0,0,0,0,0,0,2.02,0.3,0.3,,,
KLPW027669,0.4,,0,0,0,0,0,0,0,1.61,0.3,0.3,,,
KLPW027675,0.3,,0.05,5,0,0,0,0,0,1.46,0.3,0.3,,,
KLPW027675,0.6,,0.055,5,0,0,0,0,0,1.48,0.3,0.3,,,
KLPW027736,0,,0,0,0,0,0,0,0,,,,,,
KLPW027737,0,,0,0,0,0,0,0,0,,,,,,
KLPW027745,0,,0,0,0,0,0,0,0,,,,,,
KLPW027751,0,,0,0,0,0,0,0,0,,,,,,
KLPW027754,0,,0,0,0,0,0,0,0,,,,,,
KLPW027755,0,,0,0,0,0,0,0,0,,,,,,
KLPW027756,0,,0,0,0,0,0,0,0,,,,,,
KLPW027770,0,,0,0,0,0,0,0,0,,,,,,
KLPW027799,0,,0,0,0,0,0,0,0,,,,,,
KLPW027803,0,,0,0,0,0,0,0,0,,,,,,
KLPW027810,0,,0,0,0,0,0,0,0,1.424,0.3,0.3,,,
KLPW027811,0,,0,0,0,0,0,0,0,1.44,0.3,0.3,,,
KLPW027832,0,,0,0,0,0,0,0,0,2.46,0.3,0.3,,,
KLPW027837,0,,0,0,0,0,0,0,0,,,,,,
KLPW027840,0,,0,0,0,0,0,0,0,0.38167,0.3,0.3,,,
KLPW027844,0,,0,0,0,0,0,0,0,,,,,,
KLPW027917,0,,0,0,0,0,0,0,0,,,,,,
KLPW028040,0,,0,0,0,0,0,0,0,,,,0.8941,0.4,0.4
KLPW028060,0,,0,0,0,0,0,0,0,1.394,0.3,0.3,,,
KLPW028061,0,,0,0,0,0,0,0,0,1.64714,0.3,0.3,,,
KLPW028062,0,,0,0,0,0,0,0,0,,,,2.714,0.4,0.4
KLPW028063,0,,0,0,0,0,0,0,0,,,,2.06696,0.4,0.4
KLPW028089,0,,0,0,0,0,0,0,0,,,,,,
KLPW028227,0,,0,0,0,0,0,0,0,1.15193,0.3,0.3,,,
KLPW028471,0,,0,0,0,0,0,0,0,2.16,0.3,0.3,,,
KLPW028472,0,,0,0,0,0,0,0,0,1.57,0.3,0.3,,,
KLPW028473,0,,0,0,0,0,0,0,0,1.46,0.3,0.3,,,
KLPW028474,0,,0,0,0,0,0,0,0,1.52,0.3,0.3,,,
KLPW028475,0,,0,0,0,0,0,0,0,1.1,0.3,0.3,,,
KLPW028477,0,,0,0,0,0,0,0,0,1.83,0.3,0.3,,,
KLPW028478,0,,0,0,0,0,0,0,0,1.39,0.3,0.3,,,
KLPW028479,0,,0,0,0,0,0,0,0,1.44,0.3,0.3,,,
KLPW028480,0,,0,0,0,0,0,0,0,1.4,0.3,0.3,,,
KLPW028481,0,,0,0,0,0,0,0,0,1.77,0.3,0.3,,,
KLPW028482,0,,0,0,0,0,0,0,0,1.95,0.3,0.3,,,
KLPW028483,0,,0,0,0,0,0,0,0,2.24,0.3,0.3,,,
KLPW028484,0,,0,0,0,0,0,0,0,2.12,0.3,0.3,,,
KLPW028532,0,,0.183,24,0.036,4,0,0,0,,,,,,
KLPW028547,0,,0,0,0,0,0,0,0,,,,,,
KLPW028549,0,,0,0,0,0,0,0,0,,,,,,
KLPW028552,0,,0,0,0,0,0,0,0,,,,,,
KLPW028553,0,,0,0,0,0,0,0,0,,,,,,
KLPW028660,0,,0,0,0,0,0,0,0,1.006,0.3,0.3,,,
KLPW028661,0,,0,0,0,0,0,0,0,0.49,0.3,0.3,,,
KLPW028662,0,,0,0,0,0,0,0,0,0.992,0.3,0.3,,,
KLPW028663,0,,0,0,0,0,0,0,0,0.5275,0.3,0.3,,,
KLPW028664,0,,0,0,0,0,0,0,0,0.992,0.3,0.3,,,
KLPW028665,0,,0,0,0,0,0,0,0,1.41286,0.3,0.3,,,
KLPW028666,0,,0,0,0,0,0,0,0,1.044,0.3,0.3,,,
KLPW028667,0,,0,0,0,0,0,0,0,0.686,0.3,0.3,,,
KLPW028668,0,,0,0,0,0,0,0,0,1.274,0.3,0.3,,,
KLPW028669,0,,0,0,0,0,0,0,0,2.77,0.3,0.3,,,
KLPW028689,0,,0,0,0,0,0,0,0,1.886,0.3,0.3,,,
KLPW028690,0,,0,0,0,0,0,0,0,1.026,0.3,0.3,,,
KLPW028691,0,,0,0,0,0,0,0,0,0.801,0.3,0.3,,,
KLPW028692,0,,0,0,0,0,0,0,0,2.416,0.3,0.3,,,
KLPW028693,0,,0,0,0,0,0,0,0,0.56212,0.3,0.3,,,
KLPW028694,0,,0,0,0,0,0,0,0,2.64667,0.3,0.3,,,
KLPW028695,0,,0,0,0,0,0,0,0,1.581,0.3,0.3,,,
KLPW028696,0,,0,0,0,0,0,0,0,1.861,0.3,0.3,,,
KLPW028697,0,,0,0,0,0,0,0,0,1.217,0.3,0.3,,,
KLPW028698,0,,0,0,0,0,0,0,0,1.756,0.3,0.3,,,
KLPW028699,0,,0,0,0,0,0,0,0,1.758,0.3,0.3,,,
KLPW029130,0,,0,0,0,0,0,0,0,,,,,,
KLPX012544,0,,0,0,0,0,0,0,0,0.75,0.3,0.3,,,
KLPX018163,0,,0,0,0,0,0,0,0,1.6,0.3,0.3,,,
KLPX024719,0,,0,0,0,0,0,0,0,,,,1.90276,0.4,0.4
KLPX025962,0,,0.023,5,0,0,0,0,0,0.533,0.3,0.3,,,
KLPX026158,0,,0,0,0,0,0,0,0,,,,2.81935,0.4,0.4
KLPX026839,0,,0,0,0,0,0,0,0,0.53814,0.3,0.3,,,
KLPX026840,0,,0,0,0,0,0,0,0,0.52524,0.3,0.3,,,
KLPX026841,0,,0,0,0,0,0,0,0,0.53558,0.3,0.3,,,
KLPX026893,0,,0,0,0,0,0,0,0,,,,0.59286,0.4,0.4
KLPX027627,0,,0,0,0,0,0,0,0,,,,,,
KLQW028158,0,,0,0,0,0,0,0,0,,,,,,
KLQW028468,0,,0,0,0,0,0,0,0,3.73,0.3,0.3,,,
KLRM008114,0,,0,0,0,0,0,0,0,,,,4.25625,0.4,0.4
KLRM008116,0,,0,0,0,0,0,0,0,,,,3.34778,0.4,0.4
KLRM008229,0,,0,0,0,0,0,0,0,,,,4.01146,0.4,0.4
KLRM018270,0,,0,0,0,0,0,0,0,,,,4.09875,0.4,0.4
KLRM018273,0,,0,0,0,0,0,0,0,,,,4.74391,0.4,0.4
KLRM018274,0,,0,0,0,0,0,0,0,,,,3.98333,0.4,0.4
KLRM020326,0,,0,0,0,0,0,0,0,,,,4.90615,0.4,0.4
KLRm020326,0,,0,0,0,0,0,0,0,,,,2.06,0.4,0.4
KLRM020929,0,,0,0,0,0,0,0,0,,,,3.71238,0.4,0.4
KLRM020931,0,,0,0,0,0,0,0,0,,,,4.05,0.4,0.4
KLRM021022,0,,0,0,0,0,0,0,0,,,,5.63,0.4,0.4
KLRM021027,0,,0,0,0,0,0,0,0,,,,3.83,0.4,0.4
KLRM021031,0,,0,0,0,0,0,0,0,,,,5.965,0.4,0.4
KLRM021033,0,,0,0,0,0,0,0,0,,,,3.78333,0.4,0.4
KLRM021035,0,,0,0,0,0,0,0,0,,,,4.07667,0.4,0.4
KLRM021037,0,,0,0,0,0,0,0,0,,,,4.02,0.4,0.4
KLRM021039,0,,0,0,0,0,0,0,0,,,,3.5,0.4,0.4
KLRM022753,0,,0,0,0,0,0,0,0,,,,4.92,0.4,0.4
KLRM022755,0,,0,0,0,0,0,0,0,,,,5.468,0.4,0.4
KLRM023258,0,,0,0,0,0,0,0,0,,,,3.955,0.4,0.4
KLRM024343,0,,0,0,0,0,0,0,0,5.12,0.3,0.3,,,
KLRM024345,0,,0,0,0,0,0,0,0,4.29,0.3,0.3,,,
KLRM024349,0,,0,0,0,0,0,0,0,4.32,0.3,0.3,,,
KLRM024351,0,,0,0,0,0,0,0,0,3.54,0.3,0.3,,,
KLRM024353,0,,0,0,0,0,0,0,0,4.225,0.3,0.3,,,
KLRM024355,0,,0,0,0,0,0,0,0,4.285,0.3,0.3,,,
KLRM024357,0,,0,0,0,0,0,0,0,4.68167,0.3,0.3,,,
KLRM024359,0,,0,0,0,0,0,0,0,4.93,0.3,0.3,,,
KLRM024924,0,,0,0,0,0,0,0,0,6.5048,0.3,0.3,,,
KLRM026916,0,,0,0,0,0,0,0,0,,,,5.01959,0.4,0.4
KLRM026922,0,,0,0,0,0,0,0,0,,,,5.3113,0.4,0.4
KLRW011003,0,,0,0,0,0,0,0,0,3.4,0.3,0.3,,,
KLRW011326,1.6,,0,0,0,0,0,0,0,2.13,0.3,0.3,,,
KLRW014172,1.6,,0.266,34,0,0,0,0,0,,,,,,
KLRW014179,1.7,,0.298,72,0,0,0,0,0,,,,,,
KLRW016252,0,,0.069,13,0,0,0,0,0,3.817,0.3,0.3,,,
KLRW018313,1.6,,0.092,48,0,0,0,0,0,2.88,0.3,0.3,,,
KLRW022754,0,,0,0,0,0,0,0,0,,,,3.97,0.4,0.4
KLRW022756,0,,0,0,0,0,0,0,0,,,,3.20333,0.4,0.4
KLRW024342,0,,0,0,0,0,0,0,0,3.19,0.3,0.3,,,
KLRW024344,0,,0,0,0,0,0,0,0,3.13,0.3,0.3,,,
KLRW024346,0,,0,0,0,0,0,0,0,3.26,0.3,0.3,,,
KLRW024347,0,,0,0,0,0,0,0,0,3.19,0.3,0.3,,,
KLRW024348,0,,0,0,0,0,0,0,0,3.22,0.3,0.3,,,
KLRW024350,0,,0,0,0,0,0,0,0,2.84,0.3,0.3,,,
KLRW024352,0,,0,0,0,0,0,0,0,2.93,0.3,0.3,,,
KLRW024354,0,,0,0,0,0,0,0,0,3.425,0.3,0.3,,,
KLRW024356,0,,0,0,0,0,0,0,0,3.0875,0.3,0.3,4.32,0.4,0.4
KLRW024358,0,,0,0,0,0,0,0,0,3.485,0.3,0.3,,,
KLRW026633,0,,0,0,0,0,0,0,0,1.49642,0.3,0.3,,,
KLRW027971,0,,0,0,0,0,0,0,0,0.81122,0.3,0.3,,,
KLRW028223,0.1,,0,0,0,0,0,0,0,1.66553,0.3,0.3,2.527,0.4,0.4
KLRW028223,0.2,,0,0,0,0,0,0,0,1.696,0.3,0.3,,,
KLRW028224,0.1,,0.088,22,0,0,0,0,0,1.74483,0.3,0.3,,,
KLRW028271,0.3,,0.185,32,0,0,0,0,0,2.18,0.3,0.3,,,
KLRW028271,0.5,,0.285,31,0,0,0,0,0,2.605,0.3,0.3,,,
KLRW028271,1,,0.3,35,0,0,0,0,0,3.13667,0.3,0.3,,,
KLRX022747,0,,0,0,0,0,0,0,0,,,,3.47962,0.4,0.4
KLRX022751,0,,0,0,0,0,0,0,0,,,,4.34673,0.4,0.4
KLRX022752,0,,0,0,0,0,0,0,0,,,,3.888,0.4,0.4
KLRX023788,0,,0,0,0,0,0,0,0,,,,3.325,0.4,0.4
KLRX023789,0,,0,0,0,0,0,0,0,,,,3.10381,0.4,0.4
KLRX023790,0,,0,0,0,0,0,0,0,,,,2.75,0.4,0.4
KLRX023791,0,,0,0,0,0,0,0,0,,,,4.61667,0.4,0.4
KLRX023792,0,,0,0,0,0,0,0,0,,,,4.855,0.4,0.4
KLRX023793,0,,0,0,0,0,0,0,0,,,,4.9875,0.4,0.4
KLRX027470,0,,0,0,0,0,0,0,0,,,,2.69989,0.4,0.4
KLRX027797,0,,0,0,0,0,0,0,0,,,,2.18,0.4,0.4
KLSW000349,0.1,,0.081,2,0,0,0,0,0,5.42691,0.3,0.3,,,
KLSW000349,0.2,,0.222,4,0,0,0,0,0,5.144,0.3,0.3,,,
KLSW001415,0,,0,0,0,0,0,0,0,,,,,,
KLSW001416,0,,0,0,0,0,0,0,0,,,,,,
KLSW001417,0,,0,0,0,0,0,0,0,,,,,,
KLSW001418,0,,0,0,0,0,0,0,0,,,,,,
KLSW001419,0,,0,0,0,0,0,0,0,,,,,,
KLSW001420,0,,0,0,0,0,0,0,0,,,,,,
KLSW001421,0,,0,0,0,0,0,0,0,,,,,,
KLSW001422,0,,0,0,0,0,0,0,0,,,,,,
KLSW001423,0,,0,0,0,0,0,0,0,,,,,,
KLSW001424,0,,0,0,0,0,0,0,0,,,,,,
KLSW001425,0,,0,0,0,0,0,0,0,,,,,,
KLSW001426,0,,0,0,0,0,0,0,0,,,,,,
KLSW001426,0.1,,0,0,0,0,0,0,0,,,,,,
KLSW001456,0,,0,0,0,0,0,0,0,1.6725,0.3,0.3,,,
KLSW001460,0,,0,0,0,0,0,0,0,3.22,0.3,0.3,,,
KLSW009613,0,,0,0,0,0,0,0,0,1.795,0.3,0.3,,,
KLSW010517,0,,0,0,0,0,0,0,0,0.18154,0.3,0.3,,,
KLSW010517,0.5,,0,0,0,0,0,0,0,,,,,,
KLSW011260,0,,0,0,0,0,0,0,0,1.455,0.3,0.3,,,
KLSW011261,0,,0,0,0,0,0,0,0,1.544,0.3,0.3,,,
KLSW020355,0,,0,0,0,0,0,0,0,2.27667,0.3,0.3,,,
KLSW020507,0,,0,0,0,0,0,0,0,1.258,0.3,0.3,,,
KLSW020508,0,,0,0,0,0,0,0,0,1.67,0.3,0.3,,,
KLSW020509,0,,0,0,0,0,0,0,0,1.44333,0.3,0.3,,,
KLSW020510,0,,0,0,0,0,0,0,0,1.54357,0.3,0.3,,,
KLSW021681,0,,0,0,0,0,0,0,0,,,,2.62667,0.4,0.4
KLSW021682,0,,0,0,0,0,0,0,0,,,,3.49404,0.4,0.4
KLSW021683,0,,0,0,0,0,0,0,0,,,,3.645,0.4,0.4
KLSW021968,0,,0,0,0,0,0,0,0,,,,2.33781,0.4,0.4
KLSW021969,0,,0,0,0,0,0,0,0,,,,2.59355,0.4,0.4
KLSW021971,0,,0,0,0,0,0,0,0,,,,2.3,0.4,0.4
KLSW022205,0,,0,0,0,0,0,0,0,,,,3.15573,0.4,0.4
KLSW022206,0,,0,0,0,0,0,0,0,,,,3.27667,0.4,0.4
KLSW022741,0,,0,0,0,0,0,0,0,,,,7.35714,0.4,0.4
KLSW022743,0,,0,0,0,0,0,0,0,,,,3.475,0.4,0.4
KLSW022744,0,,0,0,0,0,0,0,0,,,,3.07571,0.4,0.4
KLSW023137,0,,0,0,0,0,0,0,0,,,,6.12194,0.4,0.4
KLSW023249,0,,0,0,0,0,0,0,0,,,,2.93915,0.4,0.4
KLSW023250,0,,0,0,0,0,0,0,0,,,,3.25,0.4,0.4
KLSW023251,0,,0,0,0,0,0,0,0,,,,2.65,0.4,0.4
KLSW024168,0,,0,0,0,0,0,0,0,,,,3.03111,0.4,0.4
KLSW024169,0,,0,0,0,0,0,0,0,,,,6.736,0.4,0.4
KLSW024193,0,,0,0,0,0,0,0,0,,,,2.78,0.4,0.4
KLSW024206,0,,0,0,0,0,0,0,0,,,,3.31333,0.4,0.4
KLSW024207,0,,0,0,0,0,0,0,0,,,,2.21733,0.4,0.4
KLSW024208,0,,0,0,0,0,0,0,0,,,,2.33333,0.4,0.4
KLSW024561,0,,0,0,0,0,0,0,0,1.89,0.3,0.3,,,
KLSW024564,0,,0,0,0,0,0,0,0,2.11,0.3,0.3,,,
KLSW024568,0,,0,0,0,0,0,0,0,1.53,0.3,0.3,,,
KLSW024569,0,,0,0,0,0,0,0,0,1.88273,0.3,0.3,,,
KLSW025369,0,,0,0,0,0,0,0,0,,,,2.59048,0.4,0.4
KLSW025375,0,,0,0,0,0,0,0,0,,,,4.70364,0.4,0.4
KLSW025377,0,,0,0,0,0,0,0,0,,,,2.76061,0.4,0.4
KLSW026512,0,,0,0,0,0,0,0,0,,,,2.39143,0.4,0.4
KLSW026670,0,,0,0,0,0,0,0,0,1.56958,0.3,0.3,,,
KLSW026671,0,,0,0,0,0,0,0,0,1.54808,0.3,0.3,,,
KLSW026876,0,,0,0,0,0,0,0,0,1.457,0.3,0.3,,,
KLSW026909,0,,0,0,0,0,0,0,0,,,,2.63267,0.4,0.4
KLSW026910,0,,0,0,0,0,0,0,0,,,,2.954,0.4,0.4
KLSW026911,0,,0,0,0,0,0,0,0,,,,4.78667,0.4,0.4
KLSW027630,0,,0,0,0,0,0,0,0,,,,2.48173,0.4,0.4
KLSW027698,0,,0,0,0,0,0,0,0,2.48467,0.3,0.3,,,
KLSW027699,0,,0,0,0,0,0,0,0,2.572,0.3,0.3,,,
KLSW027700,0,,0,0,0,0,0,0,0,1.71181,0.3,0.3,,,
KLSW028147,0,,0,0,0,0,0,0,0,1.6322,0.3,0.3,,,
KLSW028150,0,,0,0,0,0,0,0,0,3.20645,0.3,0.3,,,
KLSW028151,0,,0,0,0,0,0,0,0,1.48733,0.3,0.3,,,
KLSW028152,0,,0,0,0,0,0,0,0,1.42603,0.3,0.3,,,
KLSW028165,0,,0,0,0,0,0,0,0,1.67931,0.3,0.3,,,
KLSW028486,0,,0,0,0,0,0,0,0,1.88,0.3,0.3,,,
KLSW028487,0,,0,0,0,0,0,0,0,1.91,0.3,0.3,,,
KLSW028488,0,,0,0,0,0,0,0,0,3.47,0.3,0.3,,,
KLSW028489,0,,0,0,0,0,0,0,0,2.54,0.3,0.3,,,
KLSW028731,0,,0,0,0,0,0,0,0,2.19143,0.3,0.3,,,
KLSW028870,0,,0,0,0,0,0,0,0,,,,3.27,0.4,0.4
KLSX012543,0,,0,0,0,0,0,0,0,0.6255,0.3,0.3,,,
KLSX022745,0,,0,0,0,0,0,0,0,,,,5.25125,0.4,0.4
KLTX006391,0,,0.005,1,0,0,0,0,0,1.502,0.3,0.3,,,
KLZW009614,0,,0,0,0,0,0,0,0,2.47455,0.3,0.3,,,
KLZW009615,0,,0,0,0,0,0,0,0,1.56545,0.3,0.3,,,
KLZW009617,0,,0,0,0,0,0,0,0,0.76273,0.3,0.3,,,
KLZW009618,0,,0,0,0,0,0,0,0,1.94545,0.3,0.3,,,
KLZW009619,0,,0,0,0,0,0,0,0,2.536,0.3,0.3,,,
KLZW009620,0,,0,0,0,0,0,0,0,2.16,0.3,0.3,,,
KLZW009621,0,,0,0,0,0,0,0,0,2.475,0.3,0.3,,,
KLZW009662,0,,0,0,0,0,0,0,0,1.92545,0.3,0.3,,,
KLZW011109,0,,0,0,0,0,0,0,0,2.49273,0.3,0.3,,,
KLZW011245,0,,0,0,0,0,0,0,0,0.58364,0.3,0.3,,,
KLZW011246,0,,0,0,0,0,0,0,0,0.802,0.3,0.3,,,
KLZW011277,0,,0,0,0,0,0,0,0,1.534,0.3,0.3,,,
KLZW011280,0,,0,0,0,0,0,0,0,1.9,0.3,0.3,,,
KLZW011284,0,,0,0,0,0,0,0,0,1.37,0.3,0.3,,,
KLZW012617,0,,0,0,0,0,0,0,0,2.115,0.3,0.3,,,
KLZW012618,0,,0,0,0,0,0,0,0,2.735,0.3,0.3,,,
KLZW012621,0,,0,0,0,0,0,0,0,2.64833,0.3,0.3,,,
KLZW012623,0,,0,0,0,0,0,0,0,3.685,0.3,0.3,,,
KLZW012648,0,,0,0,0,0,0,0,0,1.166,0.3,0.3,,,
KLZW012649,0,,0,0,0,0,0,0,0,1.95,0.3,0.3,,,
KLZW012652,0,,0,0,0,0,0,0,0,1.444,0.3,0.3,,,
KLZW012653,0,,0,0,0,0,0,0,0,1.645,0.3,0.3,,,
KLZW012654,0,,0,0,0,0,0,0,0,1.146,0.3,0.3,,,
KLZW012655,0,,0,0,0,0,0,0,0,2.055,0.3,0.3,,,
KLZW012657,0,,0,0,0,0,0,0,0,1.9875,0.3,0.3,,,
KLZW012658,0,,0,0,0,0,0,0,0,1.28,0.3,0.3,,,
KLZW012660,0,,0,0,0,0,0,0,0,2.13,0.3,0.3,,,
KLZW012672,0,,0,0,0,0,0,0,0,1.34,0.3,0.3,,,
KLZW012673,0,,0,0,0,0,0,0,0,1.336,0.3,0.3,,,
KLZW012674,0,,0,0,0,0,0,0,0,3.68,0.3,0.3,,,
KLZW012950,0,,0,0,0,0,0,0,0,1.35846,0.3,0.3,,,
KLZW012972,0,,0,0,0,0,0,0,0,0.8,0.3,0.3,,,
KLZW012973,0,,0,0,0,0,0,0,0,,,,,,
KLZW012973,0.2,,0,0,0,0,0,0,0,2.2,0.3,0.3,,,
KLZW013399,0,,0.066,26,0,0,0,0,0,1.3,0.3,0.3,,,
KLZW013407,0,,0,0,0,0,0,0,0,0.7,0.3,0.3,,,
KLZW013441,0,,0,0,0,0,0,0,0,1.8,0.3,0.3,,,
KLZW013442,0,,0,0,0,0,0,0,0,,,,,,
KLZW028111,0,,0,0,0,0,0,0,0,,,,,,
KLZW028112,0,,0,0,0,0,0,0,0,,,,,,
KLZW028535,0,,0,0,0,0,0,0,0,,,,,,
KLZW028536,0,,0,0,0,0,0,0,0,,,,,,
KLZW028700,0,,0,0,0,0,0,0,0,1.22,0.3,0.3,,,
KLZW028701,0,,0,0,0,0,0,0,0,1.272,0.3,0.3,,,
KLZW028702,0,,0,0,0,0,0,0,0,2.83,0.3,0.3,,,
KLZW028703,0,,0,0,0,0,0,0,0,1.29833,0.3,0.3,,,
KLZW028704,0,,0,0,0,0,0,0,0,3.0475,0.3,0.3,,,
KLZW028725,0,,0,0,0,0,0,0,0,3.55667,0.3,0.3,,,
KLZW028726,0,,0,0,0,0,0,0,0,3.65667,0.3,0.3,,,
